guest_email,hotel_id,has_rewards,room_type,amenities_fee,checkin_date,checkout_date,room_rate,billing_address,credit_card_number
moodyeric@example.net,HID_004,False,BASIC,20.44,01 Mar 2020,14 Feb 2020,89.15,"PSC 4273, Box 0888
APO AA 28423",5161033759518983
coryguzman@example.com,HID_004,False,BASIC,24.37,24 Aug 2020,12 Jun 2020,70.86,"417 Lawrence Hollow
East Ericshire, IN 65660",4133047413145475690
caitlinlee@example.net,HID_004,False,BASIC,34.95,13 Apr 2020,21 Apr 2020,82.5,"69754 Mcguire Haven Apt. 260
Crawfordside, IN 80955",4977328103788
andreasmith@example.net,HID_004,False,BASIC,46.64,01 Aug 2020,13 Jul 2020,77.84,"959 Copeland Drive
Lake Kellyport, PA 61063",3524946844839485
fostermichael@example.com,HID_004,False,BASIC,43.33,12 Jan 2020,17 Jan 2020,72.17,"496 Lynn Isle Suite 560
Teresaport, OK 89054",4446905799576890978
kennedymatthew@example.com,HID_004,False,BASIC,16.62,08 Nov 2020,17 Nov 2020,125.47,"7748 Tara Divide
Luisburgh, AS 93970",4265310195602383
michaelpittman@example.com,HID_004,False,BASIC,34.05,13 Oct 2020,09 Dec 2020,134.23,"354 Lee Terrace
New Jimmyside, PA 24004",30279530784085
parkerjessica@example.net,HID_004,True,BASIC,,05 Jun 2020,08 Jun 2020,68.63,"65695 Reyes Brooks Suite 431
Lake Paulastad, PR 92400",2285102384715773
cmiller@example.org,HID_004,False,BASIC,25.0,20 Sep 2020,13 Oct 2020,93.5,"765 Randall Wall Apt. 492
Phillipstad, WV 13830",3541571714584497
evan44@example.com,HID_004,True,BASIC,31.3,19 Nov 2020,,68.18,"4689 Christine Bypass
Latashabury, OK 27719",676377598427
tannerolsen@example.net,HID_004,True,BASIC,20.02,20 May 2020,10 Jun 2020,66.53,"7080 Susan Throughway
Port Christopherhaven, OK 76896",3592111594414982
brittany92@example.org,HID_004,False,BASIC,42.34,04 Oct 2020,28 Oct 2020,75.22,"95000 Lisa Green Apt. 383
Troymouth, VT 88685",4574626038921
timothy35@example.com,HID_004,False,BASIC,,24 Oct 2020,01 Dec 2020,76.67,"Unit 0292 Box 0302
DPO AE 58917",4646817800502538962
phillipsnicholas@example.net,HID_004,False,DELUXE,13.33,25 Mar 2020,17 Apr 2020,99.16,"6593 Smith Meadow Apt. 078
East Brittany, DC 38543",2264002136181479
aguilartina@example.org,HID_004,True,BASIC,18.06,19 Nov 2020,25 Dec 2020,87.78,"806 Mccormick Place
West Adamview, WY 21208",348818694390143
michael00@example.org,HID_004,False,BASIC,15.3,15 Aug 2020,09 Jun 2020,79.65,"206 Williams Flats
Beanland, WY 36918",343590529390078
nrodriguez@example.com,HID_004,False,BASIC,,27 Sep 2020,10 Sep 2020,70.28,"941 Torres Shoal
East Miguel, NM 16873",6011030313305873
oware@example.com,HID_004,False,BASIC,19.05,14 Dec 2020,07 Jan 2021,73.88,"7177 Sierra Lights
Lesliestad, CA 37469",6530016426177590
lisaenglish@example.com,HID_004,False,BASIC,10.58,17 Apr 2020,01 Apr 2020,65.04,"39116 Bradley Valleys Suite 596
Lake Stephanie, FM 91194",3531337373719044
bryan78@example.net,HID_004,False,BASIC,34.59,12 May 2020,08 Jun 2020,65.31,"444 Alexandra Mews Apt. 952
Mikeburgh, DE 05392",4063896844978
erinrivera@example.com,HID_004,False,BASIC,46.64,10 Sep 2020,,82.15,"73173 Christopher Prairie
Alexfurt, WV 15126",3584822997257725
ncruz@example.com,HID_004,False,DELUXE,29.51,10 Aug 2020,09 Aug 2020,93.2,"Unit 6996 Box 2559
DPO AE 49678",376430801126546
richard47@example.net,HID_004,False,BASIC,18.81,28 Nov 2020,08 Dec 2020,65.68,"55000 Blake Mission
Lake Arthur, MN 73159",4037339889329
sandrajohns@example.net,HID_004,True,BASIC,32.84,23 Feb 2020,12 Mar 2020,139.46,"536 Porter Mission Suite 935
Davidbury, MT 98301",3569823991576069
ykelly@example.org,HID_004,False,SUITE,22.39,12 Jun 2020,21 Jun 2020,107.0,"179 Mcpherson Lake Apt. 198
Bakerhaven, PA 07262",4810391941356
johnmendoza@example.org,HID_004,False,SUITE,45.61,14 May 2020,26 Mar 2020,90.81,"449 Cook Lights
Hamptonhaven, FM 39692",30551556869242
pparker@example.org,HID_004,False,BASIC,26.15,31 Oct 2020,13 Dec 2020,69.69,"3400 Andrea Shoals Suite 301
Port Joseview, OH 77861",349602870740423
adavid@example.net,HID_004,False,DELUXE,17.31,14 Nov 2020,08 Nov 2020,89.18,"1028 Edward Green Suite 714
Millerview, PA 83079",4205744860231
ocain@example.org,HID_004,True,BASIC,25.78,11 May 2020,,95.11,"08983 Angel Vista Apt. 374
Wrightberg, MS 93553",345473988199462
christopher58@example.net,HID_004,False,BASIC,,15 Dec 2020,07 Jan 2021,86.62,"8009 Thompson Landing
Jaybury, PW 12805",4161418441040
rosariobryan@example.net,HID_004,False,DELUXE,45.12,09 Jan 2020,13 Jan 2020,96.9,"28209 Hartman Lakes Suite 687
Washingtonstad, MD 81928",180019825720206
sgonzalez@example.org,HID_004,False,BASIC,23.84,28 Apr 2020,13 Jun 2020,108.27,"7643 Jesus Estate
New Kurthaven, TN 39301",3535124304486489
lori80@example.com,HID_004,False,BASIC,34.61,09 Dec 2020,07 Jan 2021,89.8,"109 Michael Harbors Apt. 354
South Melvinside, KY 99162",4902035177669
samuelchang@example.net,HID_004,False,SUITE,22.26,12 Dec 2020,07 Jan 2021,160.85,"88116 Collins Spur
South Jill, VT 26854",3506550214739424
jacksoncharles@example.com,HID_004,False,BASIC,41.49,03 Feb 2020,08 Feb 2020,88.52,"69815 Michelle Shore Apt. 255
West Amymouth, ME 81482",3584123918086024
nathan49@example.org,HID_004,False,BASIC,20.79,12 Dec 2020,30 Dec 2020,67.77,"774 Cervantes Flats
Port John, MH 31871",3583977398272995
brandi94@example.org,HID_004,False,BASIC,,24 Apr 2020,20 May 2020,73.88,"0356 Lori Walk
North Christopherborough, OH 12820",4286861979439116
sheri13@example.net,HID_004,False,BASIC,46.64,11 Mar 2020,10 Mar 2020,73.39,"5814 Theresa Curve
Juliestad, VT 30269",4329083901645640
burnsgregory@example.org,HID_004,False,BASIC,24.8,15 Sep 2020,30 Aug 2020,119.38,"4062 Pineda Lodge
South Carlos, AK 04514",4518063110185373
rbennett@example.org,HID_004,False,BASIC,46.64,13 Dec 2020,07 Jan 2021,146.11,"7514 Simon Fall
New Michelle, AR 06336",4446428671871066
bonnie86@example.org,HID_004,False,BASIC,19.73,22 Aug 2020,18 Jul 2020,73.19,"9866 May Corners
Carmenmouth, FL 47212",639046647868
heather93@example.com,HID_004,False,BASIC,46.64,01 Nov 2020,17 Nov 2020,107.31,"401 Patterson Radial Apt. 553
Perezborough, MD 12547",3546804356032185
burgessbarry@example.org,HID_004,False,BASIC,35.36,01 May 2020,12 Apr 2020,73.76,"043 Rivers Drives
Elizabethhaven, NM 20489",4063108163874364749
lori32@example.org,HID_004,True,BASIC,16.77,14 Mar 2020,21 Feb 2020,76.64,"5053 Daniel Canyon Apt. 132
New Eric, PR 98190",340691490658064
nfisher@example.com,HID_004,False,BASIC,20.57,15 Feb 2020,06 Mar 2020,108.73,"73615 Smith Crossroad
Anitaland, AL 41016",6597769486721653
justin38@example.net,HID_004,False,BASIC,33.45,08 Dec 2020,02 Jan 2021,182.22,"62520 Jones Grove
South Michaelview, TN 03587",30135155814500
jdean@example.net,HID_004,False,BASIC,35.94,06 May 2020,20 Jun 2020,72.46,"1048 Simmons Shoals Apt. 875
Simsborough, SC 46718",6011819510591131
randy51@example.org,HID_004,True,BASIC,25.3,29 Apr 2020,06 Jun 2020,76.95,"9674 Franco Curve
West Kevin, FM 06555",501891404730
martin59@example.net,HID_004,False,DELUXE,22.0,01 Mar 2020,13 Mar 2020,100.88,"2626 Perez Roads
New Daltonberg, DC 37735",4129712498313
jreese@example.com,HID_004,False,BASIC,42.18,14 Jul 2020,07 Aug 2020,79.3,"678 Gomez Island Suite 755
Janeberg, FL 50938",4911043735166894
juanmorrison@example.com,HID_004,False,BASIC,40.65,24 May 2020,01 Apr 2020,81.05,"8621 Horton Tunnel
Sloanville, MS 34527",3555668582375207
jedwards@example.org,HID_000,False,BASIC,45.95,31 Oct 2020,,154.55,"577 Page Dale Suite 622
New Ernest, TX 49395",213158615508396
gloriaroberts@example.org,HID_000,False,BASIC,29.64,18 Sep 2020,15 Jul 2020,94.21,"USCGC Farmer
FPO AA 64306",4718716188915439
william70@example.org,HID_000,False,BASIC,16.12,15 Nov 2020,13 Dec 2020,100.52,"769 Scott Cape
Davisbury, CT 23502",371872392770288
carolyn05@example.com,HID_000,True,BASIC,34.01,21 Oct 2020,24 Oct 2020,94.55,"6595 Mary Greens Suite 128
Careychester, CO 10820",345637248311683
charles26@example.com,HID_000,False,BASIC,39.14,18 Dec 2020,04 Jan 2021,101.11,"37521 Richard Mountains Apt. 001
East Mason, MP 14130",3534351797560220
beardmax@example.com,HID_000,False,BASIC,12.22,11 Mar 2020,02 Mar 2020,142.75,"139 Hamilton Mill Suite 047
Robertside, NY 19102",30067736569503
westjoseph@example.org,HID_000,False,DELUXE,8.95,31 Mar 2020,09 Jun 2020,129.98,"PSC 6473, Box 8083
APO AE 46289",3568246387273375
kristine49@example.net,HID_000,False,BASIC,46.64,22 May 2020,13 Jun 2020,109.0,"Unit 2721 Box 9741
DPO AE 07598",3524466883698569
esteele@example.com,HID_000,False,BASIC,17.87,16 May 2020,08 Jun 2020,112.03,"4630 Smith Greens
Rogerschester, TX 59200",639074650834
gthomas@example.net,HID_000,False,BASIC,45.59,30 Apr 2020,23 Mar 2020,89.51,"990 Michele Hills Suite 036
North Kevinhaven, MN 40082",3589934248488903
silvadebra@example.net,HID_000,False,BASIC,46.64,08 May 2020,27 Jun 2020,107.06,"78376 Maddox Hill
Jeffreyland, AZ 85811",36541279345160
jhardy@example.net,HID_000,False,BASIC,28.06,30 Jun 2020,25 Jul 2020,92.41,"24589 David Loaf
Lake Jameshaven, CT 31644",6510029831388441
eric97@example.com,HID_000,False,BASIC,9.88,31 Mar 2020,16 May 2020,91.63,"14029 Jennifer Lights Apt. 283
Lake Alicialand, PA 93793",3560790999943816
stephen13@example.net,HID_000,False,BASIC,37.46,15 Jul 2020,07 Sep 2020,178.71,"106 Jennifer Skyway Suite 877
South Elizabethchester, AR 67281",213171770647065
wilsonmichael@example.org,HID_000,False,BASIC,17.61,12 Feb 2020,05 Mar 2020,103.43,"40686 Grant Street
Washingtonburgh, NJ 11719",2266719808278444
yfranco@example.com,HID_000,False,BASIC,33.53,21 Jul 2020,20 May 2020,114.34,"USS Jones
FPO AE 82773",3571618979866474
millsdawn@example.org,HID_000,False,BASIC,29.9,17 Sep 2020,31 Aug 2020,88.73,"PSC 6205, Box 0036
APO AE 46766",4144996563062849794
owensjames@example.org,HID_000,False,BASIC,5.31,31 Jan 2020,03 Feb 2020,88.27,"8471 Webster Skyway Suite 390
South Donnatown, ND 37633",3559931786412390
melvinruiz@example.net,HID_000,False,BASIC,43.34,23 Oct 2020,10 Nov 2020,86.75,"PSC 3541, Box 4292
APO AE 53802",374845103488413
lbarron@example.net,HID_000,False,BASIC,46.64,20 Sep 2020,04 Nov 2020,88.25,"4699 Charles Roads
South Bruceland, MO 56556",3539822481701135
jeanette24@example.net,HID_000,False,DELUXE,16.93,05 Dec 2020,11 Oct 2020,93.29,"2308 Garcia Street Apt. 396
Philipville, OH 12842",3566515327829948
potternicholas@example.com,HID_000,False,SUITE,2.58,03 Oct 2020,05 Oct 2020,100.09,"3254 Janet Passage
South Kelseychester, GA 02245",4227426144617853509
gregorylynn@example.net,HID_000,False,BASIC,38.87,17 Mar 2020,22 Feb 2020,87.48,"0588 David Throughway
New Amanda, AR 53951",213106284869797
jonathan75@example.com,HID_000,False,BASIC,46.64,28 Sep 2020,20 Nov 2020,221.72,"2641 William Dale Suite 960
North Andrew, TN 88918",30367648593397
jessicafritz@example.com,HID_000,False,DELUXE,,15 Jun 2020,30 Jun 2020,175.78,"PSC 4585, Box 0175
APO AP 29569",36758350709037
suttonbruce@example.org,HID_000,False,SUITE,36.97,17 Nov 2020,28 Oct 2020,127.43,"485 Alvarez Path Apt. 992
East Robert, WA 58079",4515909538160
yhampton@example.net,HID_000,False,BASIC,1.6,09 Jul 2020,15 Sep 2020,86.58,"6338 Kayla Branch Suite 798
Richardsonton, GU 06747",2223282089214739
jbarrett@example.org,HID_000,False,DELUXE,,17 Apr 2020,09 Mar 2020,108.22,"54763 Sara Glen
Lake Heather, DE 59890",4460822889639011505
kylewilliams@example.net,HID_000,False,BASIC,46.64,29 Jul 2020,02 Sep 2020,145.37,"4407 Elizabeth Gateway Apt. 765
Port Jessica, NM 78356",30417835823568
castanedaapril@example.net,HID_000,True,BASIC,4.13,09 Feb 2020,05 Feb 2020,88.24,"9006 Gray Key
Crawfordstad, UT 62001",4222113113118
robertsjacob@example.org,HID_000,False,DELUXE,46.64,18 Dec 2020,03 Jan 2021,196.15,"0283 Salas Ranch Suite 971
New Kenneth, UT 37650",3536276868075212
rebeccaterry@example.org,HID_000,False,BASIC,29.32,17 Jul 2020,26 Sep 2020,157.94,"40479 Linda Summit Suite 556
West Jonathan, MH 63801",375220347074495
allenhamilton@example.com,HID_000,True,BASIC,6.88,10 Feb 2020,12 Mar 2020,91.24,"439 Preston Cove
Dodsonhaven, OR 16889",3520597526806575
josephsolis@example.com,HID_000,False,SUITE,9.32,15 Jan 2020,22 Jan 2020,166.67,"6059 Romero Motorway
Burketown, PR 56604",5311426893134544
kchavez@example.org,HID_000,False,BASIC,46.64,19 Nov 2020,19 Dec 2020,153.44,"02021 Higgins Bypass Suite 656
Matthewton, MI 11446",4615637666614936
xlane@example.org,HID_000,False,BASIC,19.58,05 Mar 2020,07 Feb 2020,87.22,"96225 Melissa Square Apt. 253
North Daniel, CO 65216",4066160305102460611
johnathan12@example.net,HID_000,False,BASIC,43.44,05 Oct 2020,23 Nov 2020,99.13,"5510 Taylor Creek Apt. 793
West Michael, TN 85020",3537982681670662
michael19@example.net,HID_000,False,BASIC,46.64,12 Nov 2020,05 Dec 2020,113.12,"84053 Rachel Grove
Corystad, NJ 51212",3535362487378640
douglaskeith@example.com,HID_000,False,BASIC,17.64,08 Jun 2020,16 May 2020,144.34,"9398 Li Knolls Apt. 383
West Brianmouth, DC 47392",3572989758679308
ganderson@example.org,HID_000,True,SUITE,0.6,03 Apr 2020,28 May 2020,90.81,"220 Scott Harbor Suite 375
Brooksmouth, IL 43775",3539675343935758
christian91@example.com,HID_000,False,BASIC,22.35,12 Aug 2020,17 Jul 2020,95.13,"3880 Kathryn Lake Suite 535
South Courtneyhaven, UT 35494",676392064587
christina72@example.org,HID_000,False,SUITE,0.65,16 Oct 2020,21 Oct 2020,89.76,"165 Darrell Gardens
Matthewfort, AL 52810",4477082823226
kcampos@example.com,HID_000,False,BASIC,36.7,04 Nov 2020,12 Nov 2020,101.98,"515 Timothy Junction
New Robertview, VT 02606",4916690815636835
stephen88@example.org,HID_000,False,BASIC,46.64,01 Sep 2020,28 Aug 2020,155.17,"7548 Charles Way Apt. 308
Bradleytown, SD 08493",4301565592711485
daykathy@example.net,HID_000,False,BASIC,13.78,04 Nov 2020,16 Dec 2020,152.04,"2470 Hood Rapids Suite 976
New Tiffany, CA 19007",370346538790667
warddenise@example.org,HID_000,True,BASIC,0.64,08 Apr 2020,29 Mar 2020,115.81,"28537 Jeffrey Greens
Moorechester, CA 16004",503839312066
stoutzachary@example.org,HID_000,False,BASIC,46.64,03 Sep 2020,06 Nov 2020,100.46,"990 Kristi Stravenue Apt. 869
Markstad, NJ 66847",4045519176177036
lutztimothy@example.com,HID_000,False,BASIC,46.64,18 Jun 2020,25 Aug 2020,131.27,"8365 Anderson Locks
New Nancystad, KS 51491",566554083360
gomezsamuel@example.com,HID_000,False,BASIC,,24 Sep 2020,05 Nov 2020,173.26,"2700 Tammy Junctions
East Bobbyview, OH 90394",3543464185103468
qjones@example.net,HID_000,False,BASIC,31.63,03 Sep 2020,14 Oct 2020,98.19,"43789 David Forges Suite 547
Brownville, PR 03916",213195996696127
randalljon@example.org,HID_000,False,BASIC,14.0,05 Dec 2020,07 Dec 2020,94.66,"599 Chung Plains Apt. 601
Larryland, MT 85103",4797093166459
nielsenanthony@example.net,HID_000,False,BASIC,17.13,23 Jul 2020,23 Aug 2020,106.28,"45669 Austin Crescent
Port Jason, FL 42259",3523597598128160
kathy31@example.org,HID_005,False,BASIC,40.04,17 Sep 2020,03 Aug 2020,115.91,"0834 Michael Corner
Lake Brandon, NY 95809",379335951039232
elliottadam@example.org,HID_005,False,BASIC,10.89,24 Jul 2020,,114.81,"539 Joseph Isle Suite 805
South Rebecca, AL 99102",6011815474809097
holson@example.com,HID_005,False,BASIC,12.3,18 Oct 2020,23 Oct 2020,114.68,"110 Kiara Mews Suite 358
South Ashley, PA 77980",213145436399683
stephanie15@example.org,HID_005,False,BASIC,26.46,15 Oct 2020,23 Sep 2020,116.23,"Unit 0620 Box 5997
DPO AE 93490",4924262139097
joe94@example.org,HID_005,False,BASIC,46.64,27 Nov 2020,23 Dec 2020,114.61,"98802 Marshall Shoal
Lake Alexistown, VT 24990",4264359839462887
frank47@example.net,HID_005,False,BASIC,1.57,22 May 2020,07 Apr 2020,162.39,"374 Melanie Stream
Lake Jill, CA 09277",30247222307549
ahoffman@example.org,HID_005,False,DELUXE,2.69,30 Jul 2020,12 Sep 2020,154.57,"6938 Shane Crossing Apt. 481
North Kristinstad, VI 79926",4573075815347654
hmayo@example.org,HID_005,False,BASIC,22.13,28 Feb 2020,23 Feb 2020,115.36,"97421 Torres Via Apt. 468
Trevorburgh, NE 63125",38747666993482
gdavis@example.com,HID_005,False,BASIC,4.6,22 Jun 2020,10 Jun 2020,124.95,"2705 Tammy Station
Anthonyton, AR 98657",4082294605427
markbrewer@example.com,HID_005,False,BASIC,10.06,04 Apr 2020,25 Feb 2020,118.74,"Unit 8996 Box 8923
DPO AA 10103",573996450835
robincunningham@example.net,HID_005,False,BASIC,46.64,06 Feb 2020,14 Feb 2020,119.59,"4905 Johnson Cliff
Diazview, OR 23186",4634108819865699
xsmith@example.net,HID_005,False,DELUXE,11.59,17 Jul 2020,15 Jul 2020,117.57,"0327 Vaughn Course Apt. 565
West William, NE 06125",30081367130477
farleynicholas@example.com,HID_005,False,BASIC,0.72,04 Mar 2020,08 Mar 2020,117.45,"PSC 6418, Box 5035
APO AA 13761",2279381942425087
uwilliams@example.com,HID_005,False,BASIC,28.76,16 Jul 2020,29 Jul 2020,119.45,"6124 Sharon Ridge Suite 415
New Charlesville, NM 70050",4376810967419137393
josephramos@example.net,HID_005,False,BASIC,1.28,05 Mar 2020,11 Mar 2020,139.59,"0274 Phelps Knolls Apt. 531
Lake Melissa, AR 36004",30089791317263
lmiller@example.net,HID_005,False,BASIC,9.79,03 Jun 2020,15 Mar 2020,118.02,"772 Russell Vista
New Alexanderburgh, ND 47823",6514757946671725
thomas33@example.org,HID_005,False,BASIC,14.1,26 Aug 2020,11 Jul 2020,115.08,"1252 Angela Lodge Apt. 347
Port Lisa, AK 98301",3592960442031590
renee35@example.com,HID_005,False,SUITE,0.67,15 Mar 2020,06 Mar 2020,119.57,"2430 Kevin Shores Suite 403
South Kelly, HI 63138",30328180973330
imendez@example.org,HID_005,False,BASIC,10.93,21 Mar 2020,05 Mar 2020,114.61,"PSC 8944, Box 4688
APO AA 47767",3516093866382167
qray@example.com,HID_005,False,DELUXE,46.64,06 Jun 2020,04 Jul 2020,114.61,"116 Lori Center Suite 967
Port Stephanie, AZ 83722",6011674464126719
tiffany10@example.net,HID_005,False,DELUXE,,05 Dec 2020,20 Oct 2020,114.96,"33160 Bell Heights
Maldonadoton, AS 17295",5346197975577665
jessica97@example.com,HID_005,False,SUITE,2.29,15 Nov 2020,13 Nov 2020,114.67,"USNV Ayala
FPO AP 29535",4840859402789713091
alexisdickson@example.com,HID_005,False,DELUXE,5.61,28 Feb 2020,10 Feb 2020,114.91,"0058 Amy Dam
Lake Jody, SD 93354",180076657636827
wuglenn@example.net,HID_005,False,BASIC,45.81,27 Sep 2020,15 Oct 2020,145.74,"3888 Cynthia Mountain Suite 045
Hickschester, MO 14812",4173671577758
williamskevin@example.com,HID_005,False,DELUXE,32.56,21 Aug 2020,12 Aug 2020,129.75,"2259 Owen Parkway
Sophiabury, CT 34514",4879555550576
matthewthompson@example.com,HID_005,False,DELUXE,46.64,27 Nov 2020,12 Nov 2020,115.98,"66493 Johnson Tunnel
East Kaylaton, ND 86642",377146082877842
martincollin@example.org,HID_005,False,BASIC,0.64,03 Jun 2020,23 Jun 2020,114.61,"5394 Dixon Crest Suite 031
North Courtney, WY 69447",3537048722742355
valenciasavannah@example.com,HID_005,False,SUITE,2.04,07 Jul 2020,,120.37,"0019 Carrie Canyon
Lake Brianna, ME 04995",3533953097364665
tylergonzalez@example.com,HID_005,False,BASIC,,10 Jun 2020,25 May 2020,133.01,"78202 Smith Keys
East Terrishire, AR 57528",4122875311580468
hnavarro@example.net,HID_005,False,SUITE,0.66,12 May 2020,09 Apr 2020,140.61,"7735 Alicia Rest Apt. 962
New Scott, OH 03609",372363482955103
nicholas99@example.com,HID_005,False,BASIC,46.64,06 Dec 2020,28 Dec 2020,114.88,"162 Reid Roads
Marcusfort, MS 09674",60491660423
michaelsmith@example.com,HID_005,False,BASIC,21.94,13 Aug 2020,12 Sep 2020,124.35,"074 Fred Valley
Haleview, RI 27190",501815438897
amartin@example.org,HID_005,False,DELUXE,0.75,15 Apr 2020,12 May 2020,139.38,"0509 Smith Spur
South Sophia, CA 69004",30491424783269
gutierrezjessica@example.net,HID_005,False,SUITE,1.48,06 May 2020,12 May 2020,253.51,"331 Davis Lights Suite 759
Dianabury, OK 14823",3593556922816598
leecheryl@example.com,HID_005,False,BASIC,46.64,02 Oct 2020,13 Oct 2020,119.01,"28516 Vazquez Point Suite 110
East William, DC 69102",3503190707025412
taylorbrown@example.com,HID_005,False,BASIC,0.89,26 Feb 2020,01 Feb 2020,117.76,"66833 Taylor Meadow Apt. 043
Robertstown, MH 67864",36597739632134
tanya99@example.org,HID_005,False,BASIC,26.41,20 Jul 2020,06 Aug 2020,115.16,"8013 Smith Village
South Emily, TN 36470",4070615716627
xsmith@example.org,HID_005,False,BASIC,46.64,08 Oct 2020,13 Oct 2020,115.23,"8152 Moore Neck
Kevinfort, AZ 47828",36581779385993
brandidiaz@example.com,HID_005,False,BASIC,,16 Aug 2020,23 Jun 2020,140.06,"0997 Rush Plaza
New Michelleberg, GA 44926",30227185111997
anna68@example.com,HID_005,False,SUITE,0.65,01 Nov 2020,05 Dec 2020,150.1,"92881 Shannon Streets Suite 759
West Teresa, UT 33694",676193428338
emilyroach@example.org,HID_005,False,BASIC,4.66,10 Jun 2020,12 Apr 2020,115.03,"61318 Donna Plaza
Port Charleston, SC 93895",3592499992775801
john76@example.net,HID_005,False,SUITE,0.78,05 Dec 2020,21 Dec 2020,114.91,"06168 Hines Shores Apt. 936
West Michaelmouth, AR 27228",502045384356
ian01@example.com,HID_005,False,BASIC,34.25,09 Oct 2020,,114.68,"178 Lawrence Track Apt. 668
West Ronald, MI 53712",4301022043175092
parksanna@example.org,HID_005,False,BASIC,46.64,11 May 2020,30 Mar 2020,120.23,"54451 Schmidt Shore Apt. 010
Howardchester, RI 22388",2714609994901743
morakyle@example.org,HID_005,False,BASIC,16.23,27 Oct 2020,19 Nov 2020,114.97,"4857 Ramirez Valleys
New Johnstad, OK 17532",4585311299149
scott88@example.com,HID_005,False,DELUXE,0.64,04 Oct 2020,28 Aug 2020,164.23,"2235 Caitlyn Ridge Suite 074
Greenton, PR 84990",3512976478151414
nperry@example.org,HID_005,False,BASIC,34.78,22 Jul 2020,31 Aug 2020,115.07,"22407 Edwin Divide
Stephanieview, OH 99224",4627327959298
jcampos@example.org,HID_005,False,BASIC,46.64,04 May 2020,01 Jun 2020,121.98,"331 Danielle Knoll Suite 777
Georgefort, WV 17756",4093719998248
adrian80@example.org,HID_005,False,BASIC,39.53,15 Sep 2020,25 Sep 2020,118.15,"798 Lisa Mountain Apt. 989
Zimmermanmouth, WY 82556",2261110966057157
allisonleslie@example.net,HID_005,False,BASIC,18.38,19 Aug 2020,26 Aug 2020,116.84,"8259 Heather Ford
New Joshua, AL 81807",4394266404373246
welchjessica@example.org,HID_005,False,BASIC,9.24,10 Nov 2020,,114.67,"9583 Rivera Prairie Apt. 462
East Wesley, RI 09148",3580524759052229
emilyhenderson@example.net,HID_002,False,BASIC,41.67,05 Nov 2020,09 Oct 2020,75.08,"922 Shawn Vista
South Jasminview, NY 55866",3594456916582521
qduncan@example.org,HID_002,False,BASIC,33.89,14 Aug 2020,22 Aug 2020,89.21,"68247 Robert Motorway Apt. 395
West Michelle, NE 40713",30119699516961
rsmith@example.org,HID_002,False,BASIC,30.35,25 Nov 2020,,70.87,"22606 Peterson Heights Apt. 154
East Leah, NE 70077",376094928690311
kmcmillan@example.com,HID_002,False,BASIC,36.27,22 Sep 2020,24 Aug 2020,56.63,"1705 Crystal Pike
West Nicole, AZ 34409",3537122311970519
bennettdiana@example.com,HID_002,False,BASIC,36.51,14 Dec 2020,05 Dec 2020,64.87,"997 Ingram Glens
East Cynthiafort, WI 81518",4779004086845948306
kevinbond@example.org,HID_002,False,BASIC,33.73,17 Feb 2020,,87.21,"531 Christopher Fall Apt. 612
Port Codystad, OH 19663",3539063597121021
coxelijah@example.net,HID_002,False,BASIC,30.73,18 Apr 2020,27 Jan 2020,57.17,"93811 Tony Via
South Michael, CO 73236",4823175212178609
eddie53@example.com,HID_002,False,BASIC,42.42,12 Aug 2020,25 May 2020,148.7,"15015 Odonnell Haven Apt. 008
Shanebury, WV 01941",3537787595326131
robert66@example.com,HID_002,False,BASIC,33.25,28 May 2020,14 Mar 2020,74.77,"63214 Tracy Glens Apt. 217
New Amanda, AS 78017",4025683496411
gary37@example.com,HID_002,False,BASIC,38.25,30 Mar 2020,15 Mar 2020,93.47,"46149 Edwin Vista Apt. 801
Port Amy, ND 72234",4525630044255760
mccarthyscott@example.net,HID_002,False,BASIC,46.64,02 Aug 2020,05 May 2020,154.63,"838 Daniel Stravenue
Lake Sarahstad, CA 35828",6563263075996827
iboyle@example.org,HID_002,False,BASIC,33.86,05 Jul 2020,22 Apr 2020,60.89,"555 Linda Trail
Joneston, GA 87598",4299575163571745442
robert70@example.net,HID_002,False,BASIC,28.05,20 May 2020,29 Feb 2020,201.15,"464 Ronald Crest Suite 288
Lake Jessica, WI 16675",30259195740309
christinatucker@example.org,HID_002,False,BASIC,40.09,23 Sep 2020,07 Jun 2020,66.82,"657 Baker Rue
New Scottland, FM 38371",3516024762215953
john29@example.net,HID_002,False,BASIC,33.52,24 Feb 2020,18 Jan 2020,112.04,"78783 Amanda Spurs Apt. 265
West Eric, GA 71084",180031344472243
amanda01@example.net,HID_002,False,BASIC,38.08,18 Jun 2020,14 Jun 2020,117.23,"408 Walker Ferry Apt. 976
Rittermouth, LA 81288",4518729568870
ijames@example.com,HID_002,False,BASIC,33.09,17 Aug 2020,24 Jul 2020,63.24,"07037 Hopkins Well
Yolandashire, AS 33341",3569091581292790
robertwoods@example.net,HID_002,False,DELUXE,20.32,29 Jan 2020,14 Jan 2020,73.17,"6170 Terry Fort Suite 044
Stephanieville, OR 03146",4750955090770
osbornetaylor@example.com,HID_002,False,SUITE,32.5,04 Dec 2020,17 Nov 2020,221.6,"47677 Larry Forest Apt. 177
Harristown, OR 45131",3558365394204926
deborahsmith@example.com,HID_002,False,DELUXE,39.08,17 Nov 2020,23 Sep 2020,61.53,"USCGC Larson
FPO AE 24572",4019739786492615
frobinson@example.com,HID_002,False,BASIC,28.95,16 Sep 2020,27 Oct 2020,52.06,"8591 Kelsey Fort Apt. 006
East Madeline, DC 88188",4929113109944581957
hburns@example.org,HID_002,False,BASIC,17.37,03 Oct 2020,06 Aug 2020,52.41,"9084 Alicia Ferry Suite 137
New Sarah, MP 97676",4337840826533932
david57@example.org,HID_002,False,SUITE,32.92,24 Mar 2020,26 Feb 2020,85.67,"7051 Dylan Tunnel Apt. 758
Vanessahaven, CA 08098",5422615446584470
brendamccullough@example.net,HID_002,False,BASIC,45.26,14 Oct 2020,20 Jul 2020,67.49,"2914 Michelle Plains Suite 105
Thompsonton, NE 24190",502083259569
hobbssamuel@example.org,HID_002,False,BASIC,40.04,05 Jul 2020,07 Apr 2020,53.69,"8631 Angelica Coves
Johntown, CA 71743",30520604724857
douglaswilliams@example.com,HID_002,False,BASIC,37.33,15 Oct 2020,02 Oct 2020,51.47,"151 Charles Prairie Apt. 694
Lake Teresatown, UT 13856",4701198059583191
garymartin@example.net,HID_002,False,BASIC,13.87,10 Sep 2020,05 Jun 2020,127.59,"414 Andres Lakes
Morrisonburgh, TN 17785",4376927189034053
sueharris@example.net,HID_002,False,BASIC,26.72,20 Mar 2020,22 Feb 2020,60.4,"65959 Kelly Islands
East Brittneyhaven, MH 58778",180043319633493
ltorres@example.net,HID_009,False,BASIC,42.29,14 Feb 2020,16 Feb 2020,70.96,"1457 Guzman Spur Suite 790
Harrisonburgh, ND 35615",4598629276652126
abigail78@example.com,HID_009,False,BASIC,24.03,22 Jun 2020,03 Sep 2020,92.59,"79280 Daniel Stream
Hillville, AL 99203",3559759915511208
fgates@example.net,HID_009,False,BASIC,46.64,03 Jun 2020,07 May 2020,94.42,"1983 Miller Land Apt. 679
Kristinebury, AS 55863",2284126671913065
andreamartinez@example.net,HID_009,False,BASIC,32.56,27 Jul 2020,04 Sep 2020,72.51,"6465 Charlene Cape Apt. 678
Port Peterton, MD 17411",30165656067852
julie17@example.com,HID_009,False,BASIC,46.64,04 Feb 2020,30 Jan 2020,146.09,"Unit 0369 Box 0105
DPO AE 98665",180025830130067
elizabethwright@example.com,HID_009,False,DELUXE,24.24,09 Oct 2020,17 Oct 2020,63.22,"548 Ortega Mission
Noahside, KS 24544",6568131151752072
howelljoel@example.org,HID_009,False,BASIC,32.17,03 Nov 2020,06 Sep 2020,63.19,"USNS Cabrera
FPO AE 85178",180018229465020
ashleyjohnson@example.org,HID_009,False,SUITE,10.96,31 May 2020,27 Apr 2020,82.85,"7300 Valerie Dam
South Anita, MO 98930",6581546438825693
hjohnson@example.org,HID_009,False,BASIC,25.98,19 Sep 2020,,66.17,"USS Banks
FPO AA 52393",213131664473879
johnsonloretta@example.net,HID_009,False,DELUXE,6.52,29 Oct 2020,02 Jan 2021,73.39,"672 Mitchell Drive Apt. 876
North Dennisville, ME 20584",213196947480595
wardrenee@example.com,HID_009,False,SUITE,,16 Jun 2020,11 May 2020,69.46,"780 Benjamin Pass
Karenfurt, ID 23922",675917284357
jonathan16@example.org,HID_009,False,BASIC,18.6,11 Oct 2020,18 Oct 2020,71.62,"0804 Sierra Valleys Suite 654
West Danielleshire, KS 56414",503833287975
jamesriley@example.net,HID_009,False,SUITE,25.06,06 Dec 2020,18 Dec 2020,84.62,"24227 Wilson Manors
Wattschester, MA 73564",6555917095260072
mhensley@example.org,HID_009,False,BASIC,31.16,12 Mar 2020,08 Feb 2020,65.89,"5542 Patel Prairie
Jacobschester, NE 21372",4744785762963766
jessicamitchell@example.net,HID_009,False,SUITE,12.89,01 Dec 2020,08 Dec 2020,64.79,"Unit 7862 Box 3473
DPO AA 58994",2717568798776510
dawndavis@example.net,HID_009,False,DELUXE,23.73,09 Jun 2020,30 Jul 2020,72.28,"Unit 6935 Box 5622
DPO AP 36264",4420703202651
luisproctor@example.com,HID_001,False,BASIC,41.96,04 Sep 2020,04 Aug 2020,158.21,"9950 Gary Plain Apt. 751
Goodland, SC 54318",4025890387301945
mary37@example.org,HID_001,False,BASIC,,07 Aug 2020,01 May 2020,146.19,"024 Long Port
Campbellburgh, NC 22459",4060072691768924697
orusso@example.com,HID_001,False,BASIC,24.57,27 Oct 2020,19 Nov 2020,148.03,"50244 Gordon Heights Apt. 763
South Jefffort, SD 76546",573770300487
huffdiana@example.com,HID_001,False,BASIC,1.53,31 Oct 2020,14 Oct 2020,145.45,"4186 Jesus Stream
South Coryton, MP 80149",3522313302251053
andreajackson@example.com,HID_001,False,BASIC,,04 Dec 2020,07 Jan 2021,141.86,"Unit 2315 Box 6975
DPO AE 21145",4663874516332101
jason28@example.com,HID_001,False,DELUXE,13.33,11 Apr 2020,09 Mar 2020,180.91,"2707 Edwards Lakes
Riceville, OR 47898",4926153014995732
jessemoore@example.net,HID_001,False,DELUXE,2.47,21 Jun 2020,14 Aug 2020,197.74,"968 James Shoals Suite 561
Cardenasfurt, CA 48291",6011048357365389
tyrone56@example.com,HID_001,False,BASIC,36.74,29 Feb 2020,15 Feb 2020,143.9,"88658 Austin Stream
North Ricardoshire, DE 32908",6011906484986999
jeremywang@example.org,HID_001,False,DELUXE,8.69,06 Jun 2020,29 May 2020,162.93,"Unit 7465 Box 3399
DPO AP 12221",3552190922756734
ericcarter@example.com,HID_001,False,DELUXE,0.98,02 May 2020,20 Feb 2020,142.0,"6522 Farmer Roads Apt. 714
Williamsmouth, ND 01441",3594497704118862
austinthompson@example.net,HID_001,False,BASIC,25.8,26 Feb 2020,09 Feb 2020,140.16,"05892 Ellis Road
North Angelaland, PA 09962",348705916260883
kelly60@example.net,HID_001,False,BASIC,0.96,02 Aug 2020,19 Jul 2020,150.0,"3082 Jennifer Rapids
West Elizabeth, MN 60641",3557155124247944
jamespruitt@example.net,HID_001,False,DELUXE,15.2,20 Mar 2020,19 Mar 2020,141.31,"7939 Porter Glens
Lisaberg, NJ 14906",30561385657981
brittanykelly@example.net,HID_001,False,BASIC,40.57,25 May 2020,26 Jun 2020,200.21,"996 Anderson Coves Suite 828
Lake Kaylaland, MN 93598",502090774220
martinkara@example.com,HID_001,False,DELUXE,4.0,25 Feb 2020,24 Feb 2020,152.11,"9499 Jacob Isle Apt. 577
Davisstad, ND 61676",4792044570187676
edwardsdavid@example.org,HID_001,False,BASIC,30.4,02 Jun 2020,11 Mar 2020,147.89,"07664 Elizabeth Mountains Apt. 963
Floresfurt, IL 76509",2702942300539640
phanna@example.net,HID_001,False,BASIC,0.93,26 Sep 2020,06 Aug 2020,143.55,"6689 Mcclain Station Suite 106
Wilsonburgh, GU 83590",4864900572946448
vcollins@example.net,HID_001,False,DELUXE,0.65,20 Feb 2020,11 Feb 2020,185.39,"6126 Martinez Village Apt. 358
Kristopherberg, CT 67742",675962185673
kevin28@example.net,HID_001,False,BASIC,36.97,21 May 2020,16 Apr 2020,140.13,"8672 Alexander Shore Apt. 909
Port Nicholas, OK 47784",4436788034860425
jeffreyfarrell@example.org,HID_001,False,BASIC,3.44,11 Jul 2020,22 Jul 2020,144.72,"676 Anthony Walk Suite 004
Michaelville, MP 93695",4847331928682340585
rhughes@example.com,HID_001,False,BASIC,1.04,03 Dec 2020,04 Nov 2020,162.64,"10216 Randy Ford Apt. 085
East Jamesland, WY 36320",346519124027287
cmueller@example.org,HID_001,False,BASIC,5.74,13 Oct 2020,06 Nov 2020,256.36,"PSC 4379, Box 2675
APO AA 66143",30047698841504
tracysteele@example.com,HID_001,False,BASIC,0.82,26 Feb 2020,25 Jan 2020,150.67,"7201 Kristen Crest Suite 970
Wilsonshire, NC 93427",378784585919551
vfuller@example.net,HID_001,False,DELUXE,40.66,18 Sep 2020,13 Oct 2020,155.06,"74732 Monique Passage Suite 599
North Jessicaton, IN 17672",6554804890669932
lewiskenneth@example.net,HID_001,False,BASIC,20.58,15 Jun 2020,20 Jun 2020,240.74,"75018 Guerra Fall Suite 279
Jenniferborough, MA 14271",340138677776095
allenrebecca@example.net,HID_001,False,BASIC,7.02,13 Nov 2020,01 Nov 2020,210.54,"6090 Anderson Stream
West Markside, IN 88049",3531068255516196
clarklisa@example.org,HID_001,False,BASIC,2.14,15 Jul 2020,16 Aug 2020,142.21,"6531 Dennis Terrace
Chadmouth, AL 70733",4148547514715072115
scottkelsey@example.org,HID_001,False,BASIC,3.77,07 May 2020,22 Mar 2020,228.47,"54148 Katherine Trail Suite 772
Williamsmouth, UT 16801",4308416715110226
brooke07@example.com,HID_001,False,DELUXE,,01 Jul 2020,03 Jun 2020,142.39,"6317 Martin Fort Suite 201
Port Patrick, OK 88267",3558319931672814
creynolds@example.com,HID_001,False,DELUXE,0.64,02 May 2020,21 Mar 2020,166.41,"Unit 4513 Box 3327
DPO AP 19235",30454028242256
clarkmichael@example.net,HID_001,False,BASIC,,04 Dec 2020,07 Jan 2021,159.73,"301 Woods Motorway Suite 778
North John, SC 31446",4982443854448
scottwallace@example.net,HID_001,False,BASIC,29.86,10 Jul 2020,24 Aug 2020,183.06,"3297 Moreno Fields
Keithbury, FL 28537",3555732680405140
jennifercain@example.com,HID_001,False,DELUXE,0.65,11 Apr 2020,27 Apr 2020,157.99,"79603 Jason Lodge
Port Wendyport, VT 01500",38028750084516
dschmidt@example.com,HID_001,False,DELUXE,0.68,11 Feb 2020,21 Feb 2020,367.8,"20150 Jenna Isle
Port Nicholaston, MI 54915",373290890180801
hernandezmichael@example.net,HID_001,False,BASIC,36.99,20 Oct 2020,31 Oct 2020,142.97,"276 Coffey Fields
Matthewville, PR 05333",2278705298550166
susanmoyer@example.net,HID_001,False,DELUXE,0.8,10 Mar 2020,21 Jan 2020,141.93,"38651 Keith Street Suite 165
Port Juanburgh, ND 25137",30387271121340
dthompson@example.com,HID_001,False,BASIC,,01 Sep 2020,12 Sep 2020,141.14,"617 Robert Skyway
Collierland, FM 34563",4474631371517658
garciastephen@example.org,HID_001,False,BASIC,11.75,19 Oct 2020,22 Oct 2020,149.34,"USNS Jordan
FPO AA 42619",4569503670974342
jacksondavid@example.net,HID_001,False,DELUXE,14.84,09 Jul 2020,26 May 2020,184.27,"638 Hanson Forge
Goodwinchester, IA 73237",3527193895081975
qduran@example.com,HID_001,False,DELUXE,0.64,11 Oct 2020,30 Nov 2020,223.25,"00557 Jones Trail
Reesemouth, ND 69660",372966782584504
mariah51@example.org,HID_001,False,BASIC,20.16,30 Jun 2020,27 Apr 2020,143.89,"0891 Victoria Mall Suite 594
North Benjaminberg, DC 58052",180089807221929
erin57@example.org,HID_001,False,BASIC,0.66,26 Nov 2020,29 Dec 2020,229.39,"897 Ford Locks
South Christopher, ND 56591",3551220646107053
george11@example.org,HID_001,False,BASIC,,07 Oct 2020,27 Sep 2020,160.27,"9844 Carla Ferry Apt. 901
Phillipburgh, IN 24411",30073817564579
tberg@example.org,HID_001,False,BASIC,42.45,28 May 2020,29 Mar 2020,142.19,"8867 Richard Loop
Susanstad, GA 24447",4032796072905547
westmichael@example.org,HID_001,False,BASIC,42.15,01 Oct 2020,,189.54,"2261 Castro Motorway Apt. 824
Lake Megan, IA 64297",3535339966700973
lopezivan@example.net,HID_001,False,DELUXE,1.15,18 Aug 2020,03 Aug 2020,220.81,"70863 Morgan Forge
Walshburgh, PA 67465",4537877540505965519
abigailfrank@example.org,HID_001,False,BASIC,9.58,08 Aug 2020,11 Sep 2020,148.98,"557 Miller Ville
East Amber, MN 13734",3503435140114749
sheila93@example.com,HID_001,False,BASIC,23.42,08 May 2020,20 May 2020,148.75,"045 Powers Inlet
West Carlos, RI 93767",30590356858757
amber19@example.org,HID_001,False,BASIC,39.5,13 Aug 2020,10 Sep 2020,183.64,"333 Matthew Hills Suite 248
West Kevin, NM 69008",4132150419654443
rosaleserin@example.org,HID_001,False,BASIC,4.68,10 Sep 2020,14 Sep 2020,145.45,"5080 Daniel Mews Apt. 915
Elizabethfurt, MA 81910",6011140512800986
gary70@example.com,HID_001,False,BASIC,,22 Nov 2020,09 Nov 2020,142.41,"521 Livingston Fork
North Donald, CA 07880",30324022706012
stevensbethany@example.org,HID_001,False,BASIC,8.48,06 Aug 2020,09 Aug 2020,161.9,"223 Erica Orchard Apt. 757
East Jasonberg, ME 85610",30579698322036
david79@example.net,HID_001,False,DELUXE,4.16,15 Aug 2020,23 Sep 2020,158.11,"972 Jamie Fort Apt. 892
South Williamview, HI 74757",341872398754994
kirkamber@example.com,HID_001,False,BASIC,3.1,20 Feb 2020,28 Feb 2020,147.79,"006 Bell Dam Suite 372
Deannaville, DE 42820",580044092758
luceroemily@example.net,HID_001,False,DELUXE,0.64,20 May 2020,05 Apr 2020,268.98,"1586 Diaz Avenue Suite 008
East Amandaville, ND 30334",2279333050133656
cheryl82@example.org,HID_001,False,BASIC,13.05,30 Jul 2020,18 Aug 2020,155.38,"38718 Robert Harbors Suite 968
Alyssaside, VA 27380",4293046793249732
theresa11@example.org,HID_001,False,BASIC,11.66,01 Feb 2020,30 Jan 2020,162.78,"3253 Jeremy Fields Suite 375
South Melissa, OK 45572",6545968362735695
diana03@example.org,HID_001,False,BASIC,,04 May 2020,14 May 2020,146.11,"PSC 0935, Box 3814
APO AE 76663",4370442585185042
aaronbenitez@example.org,HID_001,False,DELUXE,4.97,12 Mar 2020,09 Feb 2020,140.72,"8632 Chang Gardens
Fisherview, WI 37473",4358744865344
stevenelliott@example.net,HID_001,False,BASIC,4.47,18 Oct 2020,05 Oct 2020,140.14,"04777 Bailey Causeway
Bridgesside, MI 47623",180077655091528
lynnnguyen@example.org,HID_001,False,BASIC,15.47,03 Feb 2020,09 Feb 2020,191.39,"046 Jeffrey Field
Allentown, ND 58195",5145035562175407
brownricardo@example.org,HID_001,False,BASIC,15.77,28 Aug 2020,17 Aug 2020,149.37,"3736 Johnson Center
New Rodney, MT 95364",3583444728042796
kelleradam@example.com,HID_001,False,DELUXE,0.68,24 May 2020,15 Jul 2020,166.72,"59079 Carrie Mills Suite 971
Campbellshire, KS 76029",343720372125913
gyang@example.net,HID_001,False,BASIC,11.24,24 Nov 2020,29 Dec 2020,144.42,"Unit 4273 Box 0123
DPO AE 40670",30181720621814
pwood@example.com,HID_001,False,BASIC,26.79,19 Sep 2020,08 Sep 2020,156.66,"952 Lambert Gateway
Mcphersonberg, NJ 40587",3527978123171626
fisherscott@example.net,HID_001,False,DELUXE,,18 Jun 2020,23 Jun 2020,145.66,"387 Johnson Dale Apt. 826
Hernandezburgh, AL 98281",6011407530827766
grantdebra@example.org,HID_001,False,BASIC,39.67,01 Dec 2020,29 Oct 2020,149.04,"1192 Mendoza Lane
Port Jeremybury, ID 63145",60408391393
smallkenneth@example.org,HID_001,False,BASIC,16.68,18 May 2020,23 Apr 2020,183.78,"505 Candice Dam Apt. 652
New Richardmouth, ID 43063",4308975032936386694
castillokristina@example.com,HID_001,False,BASIC,30.94,27 May 2020,24 Mar 2020,140.15,"3040 Johnson Fort Apt. 201
East Wayne, NY 06107",3588707906749225
barbarawaller@example.net,HID_001,False,DELUXE,3.17,28 Jul 2020,15 Sep 2020,148.42,"5151 Michael Light
East Kevin, ID 10978",4953106381771769
hbruce@example.com,HID_001,False,DELUXE,0.94,31 Oct 2020,09 Nov 2020,179.51,"95849 Peter Route Suite 276
Edwardsland, NV 75311",4578176597756008
katherine15@example.com,HID_001,False,BASIC,,31 Oct 2020,19 Nov 2020,140.2,"Unit 3731 Box 9399
DPO AE 35506",6526776207531127
charleslarsen@example.net,HID_001,False,BASIC,44.55,08 Dec 2020,07 Jan 2021,169.86,"17363 Scott Streets Suite 704
East Desireefort, GA 36129",4809017074808
curtis22@example.com,HID_001,False,BASIC,16.4,11 Nov 2020,19 Nov 2020,140.21,"779 Elizabeth Islands Apt. 314
New John, NJ 23088",6011521093612843
russelldylan@example.net,HID_001,False,DELUXE,0.89,15 Nov 2020,23 Dec 2020,179.86,"0516 Scott Courts
Barajastown, PA 96046",36805882490279
patriciabrennan@example.com,HID_001,False,BASIC,4.01,01 Oct 2020,29 Jul 2020,143.91,"0311 Morgan Mountain Apt. 955
Lake Janet, PA 24877",4535148321095
mpoole@example.net,HID_001,False,BASIC,0.71,18 Oct 2020,07 Nov 2020,156.77,"703 Sarah Oval
West Lauraborough, DC 33131",378470305229493
fjones@example.org,HID_001,False,DELUXE,6.28,04 Jan 2020,06 Jan 2020,324.14,"37195 Turner Avenue Apt. 147
Lake Justinshire, VT 34915",4632760477410
ucisneros@example.com,HID_001,False,DELUXE,4.32,26 Jun 2020,22 May 2020,189.01,"9763 David Crescent Apt. 802
New Leslie, AS 84496",341760617972069
huntdouglas@example.org,HID_001,False,BASIC,28.83,26 Jul 2020,11 May 2020,147.26,"1819 Duane Highway
Port Jay, ID 74911",3565584052321670
wardtammy@example.com,HID_001,False,DELUXE,0.79,22 Jul 2020,26 Jun 2020,145.45,"PSC 6163, Box 4054
APO AE 99869",4384211003316745895
imorales@example.net,HID_001,False,BASIC,23.4,29 Nov 2020,04 Jan 2021,145.12,"7078 Lance Via
West Kellyton, PR 63095",180006403009623
lisajohnson@example.net,HID_001,False,DELUXE,30.38,17 Nov 2020,14 Dec 2020,141.2,"886 Arthur Radial
Jacksonborough, CA 20475",30255085236382
claytonblackwell@example.net,HID_001,False,DELUXE,31.05,11 Oct 2020,02 Nov 2020,177.66,"092 Makayla Path
Staceyview, LA 98373",344256465611831
amanda35@example.net,HID_001,False,DELUXE,0.88,10 Jan 2020,07 Jan 2020,191.9,"06147 Christopher Square Suite 737
Rosemouth, IA 18163",501881774977
ashley84@example.org,HID_001,False,DELUXE,5.42,10 Jan 2020,10 Jan 2020,176.07,"772 Ferrell River
Audreyfurt, PR 63045",5485631364807557
fosteramy@example.net,HID_001,False,BASIC,4.61,17 Aug 2020,08 Jul 2020,209.1,"069 Sampson Station
Matthewsberg, OR 19536",180012593976191
mcguireemily@example.org,HID_001,False,DELUXE,4.66,15 Mar 2020,27 Feb 2020,142.77,"04702 Jennifer Forges
Carterbury, MI 61362",30227887673294
oflynn@example.com,HID_001,False,DELUXE,1.1,01 Nov 2020,23 Nov 2020,164.47,"7802 Chaney Divide
Timothychester, KS 67165",3517540673685066
underwoodtonya@example.org,HID_001,False,BASIC,21.54,29 Nov 2020,25 Dec 2020,152.99,"34341 White Island
Brewerberg, MD 21254",30244605330875
allison06@example.com,HID_001,False,BASIC,35.42,06 Dec 2020,07 Jan 2021,161.18,"374 Carney Vista
Rhondafort, DE 61186",180087636994674
stevehill@example.org,HID_001,False,BASIC,16.02,02 Jun 2020,26 Apr 2020,190.19,"2424 Nguyen Creek Suite 919
East James, GU 31776",4926107468377920
emilycarroll@example.net,HID_001,False,BASIC,20.49,25 May 2020,15 May 2020,174.38,"6512 Martin Trafficway Suite 770
West Joseph, MD 18493",639083729116
durangail@example.org,HID_001,False,DELUXE,3.58,17 Jul 2020,01 Jun 2020,286.51,"USCGC Gray
FPO AA 79267",4099972820391
hermanamy@example.net,HID_001,False,DELUXE,1.23,06 Jul 2020,05 Aug 2020,167.82,"67337 Smith Stravenue
East Cynthiaside, MH 18855",3577789690986653
cory16@example.com,HID_001,False,BASIC,27.72,18 Mar 2020,25 Mar 2020,168.26,"17802 Gallegos Courts Suite 478
West James, VA 58210",180029788630615
katherine33@example.net,HID_001,False,BASIC,4.15,14 Apr 2020,30 Mar 2020,142.65,"00814 Christopher Radial Apt. 172
Jensenhaven, IN 04689",4122194226731657
smithmark@example.net,HID_001,False,BASIC,0.92,02 Dec 2020,07 Jan 2021,161.25,"549 Kelly Trafficway
South Kristin, HI 53608",30509307705784
markgarcia@example.net,HID_001,False,DELUXE,3.32,18 Mar 2020,12 Feb 2020,146.69,"2519 Melissa Neck Apt. 029
Sandyhaven, ME 55843",4395822972544888
rhondacoleman@example.net,HID_001,False,BASIC,14.9,24 Nov 2020,29 Nov 2020,211.57,"338 Paul Track
Ronaldland, NJ 76144",213179332170013
walkerbradley@example.net,HID_001,False,BASIC,5.3,12 Jan 2020,12 Jan 2020,157.55,"09396 Norris Vista
Sandraville, NY 84938",4252848940485
christopherguerra@example.com,HID_001,False,DELUXE,,24 Mar 2020,15 Mar 2020,202.54,"92539 James Field Suite 782
West Anthony, ID 29616",4080497106790191640
cardenasrichard@example.com,HID_001,False,BASIC,22.74,10 Feb 2020,27 Jan 2020,140.35,"USNV Moore
FPO AE 91766",676326840995
johnrobinson@example.com,HID_007,False,BASIC,23.02,28 Oct 2020,31 Oct 2020,113.61,"4526 Herrera Forge Suite 343
Lake Shannonfort, AS 83506",343302118894100
dylan53@example.org,HID_007,False,BASIC,17.67,27 Jun 2020,29 Aug 2020,133.96,"402 Sharp Motorway Suite 608
West Mollyshire, UT 49493",6546071260533194
trevinoterri@example.org,HID_007,True,BASIC,11.64,21 Nov 2020,06 Nov 2020,114.14,"8195 John Parkway
Greenland, ID 75436",6571251668300291
renee68@example.com,HID_007,True,BASIC,,24 Aug 2020,07 Sep 2020,95.22,"156 Melinda Hills Apt. 145
Lake George, AZ 60941",180039637971458
greg75@example.org,HID_007,True,BASIC,15.58,27 Dec 2020,31 Dec 2020,109.3,"2131 Garcia Burgs Suite 317
Markville, WY 69830",180026418398803
srobinson@example.com,HID_007,False,BASIC,15.3,21 Jan 2020,28 Jan 2020,125.05,"705 Michelle Burgs
Wendyfurt, AR 52667",3599856420479038
levinejonathan@example.net,HID_007,True,BASIC,13.36,04 Mar 2020,31 Jan 2020,90.27,"58543 Nicholas Stravenue Apt. 009
North Johnberg, OH 69245",213123585223327
richard76@example.net,HID_007,False,BASIC,,27 Jun 2020,04 Jun 2020,192.16,"19059 Patrick Run
Sandrabury, AR 26077",676128109714
samuel66@example.net,HID_007,False,BASIC,15.96,06 Apr 2020,,114.37,"5995 Crystal Harbor
Suzanneview, ND 61826",377921866097506
carrie23@example.net,HID_007,True,BASIC,25.08,16 Feb 2020,18 Mar 2020,146.45,"41699 Smith Knoll
West Jeremyburgh, MN 22523",4316616454860
dianamunoz@example.org,HID_007,True,BASIC,40.98,26 Jun 2020,,225.01,"75304 Boyd Haven
Boyleside, PA 14277",4079976837424355654
carrienguyen@example.net,HID_007,True,BASIC,18.98,15 May 2020,27 Apr 2020,100.06,"319 Brandon Haven Apt. 553
Port Melaniestad, WI 10542",577368448368
warmstrong@example.org,HID_007,True,BASIC,10.64,20 Mar 2020,29 Feb 2020,262.76,"3310 John Valley Apt. 398
East Christinaton, NJ 37950",4845341687618
jose25@example.net,HID_007,False,BASIC,22.65,28 Aug 2020,23 Jun 2020,97.89,"93983 Ryan Pines
North Jenniferstad, TN 52902",2280079625822896
jeanetteharrell@example.net,HID_007,True,BASIC,16.96,24 Jan 2020,20 Jan 2020,158.34,"48301 Hernandez Knolls Apt. 873
North Kylefurt, AL 55565",4328300981782299084
elizabeth91@example.net,HID_007,False,BASIC,20.15,28 Apr 2020,24 Jun 2020,162.63,"15784 Vega Ford Apt. 230
South Douglashaven, MP 38653",372896432927623
graveschristopher@example.org,HID_007,True,BASIC,18.06,02 Jul 2020,29 Jul 2020,106.59,"05065 Dorothy Rue
Hayesville, OR 86505",3549650251931154
jeanette80@example.net,HID_007,True,DELUXE,10.89,10 Jan 2020,13 Jan 2020,106.19,"32254 Gonzalez Flat
Port Theresaton, NC 39951",501875417583
johnryan@example.com,HID_007,False,SUITE,17.04,02 Dec 2020,,279.75,"8056 Christopher Valleys
Port Joshuastad, ID 22541",342590162376245
destinymay@example.org,HID_007,True,DELUXE,28.42,09 Nov 2020,02 Oct 2020,98.72,"PSC 0967, Box 3589
APO AA 89723",213129135048650
ubrown@example.com,HID_007,True,BASIC,13.52,14 Aug 2020,11 Nov 2020,81.7,"PSC 5107, Box 1103
APO AP 78568",3521575433335440
richardporter@example.com,HID_007,False,BASIC,6.59,26 Aug 2020,01 Aug 2020,79.91,"511 Patrick Views Apt. 764
New Melissa, NJ 49704",4428359228142986
kray@example.net,HID_007,True,SUITE,23.34,08 Feb 2020,22 Feb 2020,123.69,"98883 Martin Dam Suite 615
West Teresatown, VI 67929",676157525814
davidbaker@example.com,HID_007,False,BASIC,25.69,05 Oct 2020,23 Aug 2020,110.36,"289 Darius Shoal
Ballardborough, WI 70340",4000274207730493
ataylor@example.net,HID_007,False,BASIC,24.92,26 May 2020,20 Apr 2020,82.09,"9666 Mahoney Valleys
South Kennethside, NV 26802",60444773745
emiller@example.com,HID_007,False,BASIC,22.06,30 Sep 2020,21 Oct 2020,78.47,"092 Stewart Keys
Mcclainborough, SD 19259",3575406332683869
millerrachel@example.net,HID_007,True,SUITE,4.54,09 Jul 2020,20 May 2020,183.09,"0549 Kevin Mission
Lake Ashleystad, KY 40645",4333863125548114216
iday@example.com,HID_007,False,BASIC,13.59,07 Feb 2020,21 Feb 2020,89.8,"23041 Shawn Harbors Apt. 611
Port Jasonbury, OR 62623",676254832899
adamskayla@example.org,HID_007,False,BASIC,,11 Jul 2020,29 Jun 2020,169.55,"9122 Waters Trafficway Apt. 762
Pottsberg, AZ 65146",370028946319046
varcher@example.net,HID_007,True,BASIC,10.31,07 Jan 2020,12 Jan 2020,101.58,"8146 Christopher Field Apt. 420
Thomasmouth, AS 82445",5323985069986579
christopherwebb@example.net,HID_007,False,BASIC,,27 Dec 2020,30 Dec 2020,83.0,"96807 Angelica Crescent Suite 006
South Kayla, GA 20259",676275545108
hnewman@example.com,HID_007,False,BASIC,19.97,12 Aug 2020,31 May 2020,96.21,"7542 Jacob Passage
New Tracyburgh, PR 95814",4140710725771
william42@example.org,HID_007,True,BASIC,11.83,17 Jan 2020,14 Jan 2020,115.01,"46404 Davis Flat
South Samanthahaven, IL 61060",376438572592226
gjohnson@example.net,HID_007,False,BASIC,18.75,05 Jan 2020,10 Jan 2020,79.09,"213 Sarah Crossing Suite 012
Oliverburgh, NY 02640",4431845357360
christopher77@example.com,HID_007,True,BASIC,,03 Dec 2020,21 Nov 2020,112.57,"85113 Herrera Harbors
New Troy, DC 42503",5140426941254853
nbrown@example.com,HID_007,True,SUITE,,14 Jan 2020,03 Feb 2020,195.65,"Unit 7777 Box 1475
DPO AE 56630",3547519464789331
steven55@example.com,HID_007,True,BASIC,,26 Oct 2020,25 Sep 2020,146.52,"19107 Morales Knoll Suite 456
New Edwardland, DE 79699",30038752817100
fmorales@example.com,HID_007,True,BASIC,31.29,21 Nov 2020,09 Nov 2020,87.19,"USCGC Chambers
FPO AE 35735",4719025286296
elizabethlandry@example.org,HID_007,False,BASIC,,15 Mar 2020,27 Mar 2020,101.15,"21071 Gomez Skyway Apt. 427
Julieview, TX 68657",4809575303618595
rodriguezandrew@example.org,HID_007,True,BASIC,4.73,24 Jan 2020,,78.9,"3142 Nicole Flats Suite 500
Lake Alicia, DE 41342",213164756314289
wbarnett@example.org,HID_007,False,BASIC,15.06,18 Jun 2020,18 Jul 2020,168.68,"4186 Cook Shore
West Michaelaberg, UT 90949",3536102638455908
moorechristopher@example.com,HID_007,True,BASIC,,10 Jul 2020,29 Jun 2020,78.68,"PSC 5593, Box 4267
APO AA 69706",4329673346507
smithjessica@example.com,HID_007,False,BASIC,19.84,29 Oct 2020,25 Oct 2020,90.12,"7255 Diane Spurs
Petersenchester, FL 97128",4857427905032786
philip48@example.org,HID_007,False,BASIC,35.21,02 Sep 2020,15 Sep 2020,173.91,"3626 Richard Plain
Port Nicholas, MD 52231",60448012132
swheeler@example.net,HID_007,False,BASIC,11.73,01 Dec 2020,26 Oct 2020,96.1,"86870 Hannah Canyon Suite 001
Johnsonview, IN 13075",3556247767667313
keith83@example.net,HID_007,True,BASIC,4.79,17 Jan 2020,22 Jan 2020,93.79,"70018 Michael Lane Apt. 861
Chavezville, ID 96078",348019839408185
qrichards@example.com,HID_007,True,BASIC,23.57,13 Oct 2020,15 Aug 2020,101.24,"4208 Kathleen Plaza
Richberg, VA 07842",4884212699755546
francisdaniel@example.org,HID_007,False,BASIC,32.88,02 Aug 2020,01 Jun 2020,117.35,"4389 White Village
East Taylor, AK 51468",4965292928102198925
fordjohnny@example.net,HID_007,False,BASIC,22.76,20 Oct 2020,06 Sep 2020,93.6,"91760 Mills Crest Suite 430
Lake Mary, VI 15127",5438407778047389
paul14@example.org,HID_007,True,BASIC,18.91,16 Aug 2020,,110.13,"608 Hill Plains Apt. 203
Jonesberg, NJ 04563",6011853867267466
christophersullivan@example.com,HID_007,True,BASIC,10.28,08 Nov 2020,03 Dec 2020,131.89,"Unit 3797 Box 7813
DPO AP 30828",4883572094808
erica10@example.com,HID_007,True,BASIC,,21 Jun 2020,24 May 2020,103.87,"41051 Mendoza Coves Apt. 495
Lake Michael, IL 23449",3549894008899526
jeffreyfoster@example.org,HID_007,True,BASIC,16.04,23 May 2020,29 Mar 2020,101.16,"9651 Stacy Island
Hernandezland, IN 88907",6011684527693316
pricerandy@example.org,HID_007,True,DELUXE,15.74,03 Mar 2020,07 Feb 2020,161.97,"3443 Foster Stream
Taylorport, IN 94013",577678006435
jerry25@example.net,HID_007,True,BASIC,21.48,05 Jan 2020,10 Jan 2020,78.53,"0492 Butler Island
New Ashley, NV 07981",6505842981272505
thall@example.net,HID_007,False,BASIC,20.13,16 Oct 2020,03 Sep 2020,99.84,"44322 Connie Oval Suite 861
Evansview, CT 91986",4082431483670303
cassandralong@example.com,HID_007,False,BASIC,24.9,05 Mar 2020,16 Feb 2020,132.25,"244 Green Estates Suite 387
New Randymouth, OR 79496",4641282279430962
craigcarmen@example.com,HID_007,False,BASIC,20.89,28 Aug 2020,07 Jul 2020,145.64,"931 Lindsey Dale Apt. 320
North Christopher, WV 83411",4788907100142841483
nelsonkatherine@example.org,HID_007,True,BASIC,34.19,19 Feb 2020,22 Feb 2020,185.09,"341 Lopez Plaza Apt. 972
Port Michelle, PW 61951",2242109999157517
duncanregina@example.org,HID_007,True,BASIC,,22 Nov 2020,21 Nov 2020,149.36,"PSC 9230, Box 2266
APO AP 75295",30240150976773
phale@example.com,HID_007,False,BASIC,25.69,07 Feb 2020,24 Jan 2020,111.62,"67975 Diaz Prairie
Mccoyshire, ID 67720",3596663223492595
lawrence73@example.com,HID_007,True,BASIC,14.25,31 Aug 2020,18 Aug 2020,120.86,"6131 Burgess Avenue Apt. 616
Carlstad, KS 68925",574232427124
youngtami@example.org,HID_007,True,BASIC,23.01,09 Mar 2020,30 Jan 2020,87.63,"1059 Wade Glens
North Margaretton, KS 14172",2232078801326713
richard36@example.net,HID_007,True,BASIC,7.05,09 Nov 2020,20 Oct 2020,117.53,"581 Hodges Rest
Stacyton, NY 53337",4910885383717
paulhammond@example.com,HID_007,False,BASIC,15.5,26 Aug 2020,21 Aug 2020,111.85,"29696 William Ridge
Maryton, IN 43771",30243312114374
grantmeghan@example.com,HID_007,True,BASIC,23.64,17 Jun 2020,06 May 2020,139.93,"46521 Obrien Camp
Ericville, SC 84020",2720422456510693
jamesperry@example.com,HID_007,False,BASIC,21.14,05 Dec 2020,27 Dec 2020,100.75,"USS Zimmerman
FPO AE 57616",3516173925777332
kelsey24@example.com,HID_007,False,BASIC,20.65,06 May 2020,26 Apr 2020,99.27,"USNS Moore
FPO AA 25799",502011072407
elizabeth32@example.com,HID_007,True,BASIC,34.17,21 Sep 2020,04 Oct 2020,217.33,"415 Billy Stream Apt. 387
Johnsonshire, NJ 13581",4085282135335546313
donnafoley@example.com,HID_007,True,BASIC,15.04,03 Jul 2020,20 Apr 2020,113.59,"02895 Edwin Mission
Victormouth, CA 53275",4328359581911697
patricia79@example.net,HID_007,True,BASIC,3.77,08 May 2020,16 May 2020,93.17,"283 Martinez Track Apt. 100
Jameshaven, MD 11697",4165879118097914
camposstephanie@example.net,HID_007,True,BASIC,31.65,10 Dec 2020,30 Nov 2020,162.6,"93596 Goodman Viaduct Apt. 276
Port Brandonview, GA 57249",4445425832195723164
stanleybrett@example.org,HID_007,False,BASIC,14.45,26 Dec 2020,30 Dec 2020,93.24,"122 Anderson Estate Apt. 514
East Brandiland, LA 62645",36835824086430
cheryl45@example.net,HID_007,True,BASIC,19.81,13 Dec 2020,13 Dec 2020,144.44,"PSC 4774, Box 9109
APO AA 24360",4430098308431887
taylorcheryl@example.net,HID_007,True,BASIC,2.68,17 Mar 2020,04 Mar 2020,101.91,"5014 English Square Suite 586
Gallegosfurt, AK 81633",3597380784097320
croberts@example.org,HID_007,True,BASIC,17.0,19 Jun 2020,04 Aug 2020,120.33,"604 Robinson Knolls
North Nicolefurt, DC 10805",4931042652827328
murphyjennifer@example.net,HID_007,True,BASIC,27.84,26 Jul 2020,13 Jun 2020,80.71,"491 Johnson Mills Suite 543
Cassandratown, AR 49226",3555924770927014
ryanlopez@example.org,HID_007,False,BASIC,33.66,04 Jan 2020,,91.28,"90429 Kelly Tunnel
Port Anthony, NV 43442",340388686831197
erangel@example.com,HID_007,False,BASIC,8.08,19 Feb 2020,28 Feb 2020,106.08,"754 Garrett Wells Apt. 087
East Stephanieview, VA 86474",4317278284532265963
michaelcrawford@example.com,HID_007,False,BASIC,18.36,04 Sep 2020,08 Oct 2020,138.59,"454 Linda Rapids Suite 760
West Nathaniel, WA 76594",2507738139192719
mialowe@example.com,HID_007,True,DELUXE,8.23,18 Mar 2020,,135.77,"4302 Stanley Fords
Hansonland, NM 36063",340514743131871
tvelez@example.net,HID_007,True,BASIC,5.72,04 Dec 2020,26 Nov 2020,121.91,"8870 William Alley Apt. 412
Emilyville, WA 21829",342369951753769
milesamy@example.org,HID_007,True,BASIC,8.95,17 Nov 2020,07 Nov 2020,160.99,"6388 David Views
Parkerport, AR 96226",3507500982453681
jasonray@example.net,HID_007,False,BASIC,,21 Aug 2020,21 Jul 2020,96.0,"27409 Kelly Burg Apt. 924
Dianechester, CO 86640",30345562688237
olivia64@example.com,HID_007,False,BASIC,34.55,06 Jan 2020,10 Jan 2020,101.74,"63086 Munoz Orchard
Lake Alyssaborough, OK 48203",4245532216159516
connie20@example.net,HID_007,False,BASIC,36.23,07 Jan 2020,11 Jan 2020,122.16,"3202 Gabriel Ford Suite 073
Williamsside, WV 26023",2516028059413157
martinchristian@example.net,HID_008,False,BASIC,11.8,25 Jan 2020,12 Feb 2020,138.03,"USS Rodriguez
FPO AA 50957",4576886415630753
thughes@example.org,HID_008,False,DELUXE,18.11,26 May 2020,17 Aug 2020,146.08,"8426 Walsh Station
Bentonville, LA 00968",3574346644461383
cole67@example.com,HID_008,False,BASIC,26.03,17 Mar 2020,24 Mar 2020,143.52,"59251 Smith Tunnel
North Mirandaview, MS 71657",373288945818367
linda30@example.com,HID_008,False,BASIC,40.6,15 May 2020,12 Jun 2020,133.88,"5786 Garcia Springs
Schwartzstad, PR 30397",3501952202002267
milleramanda@example.net,HID_008,False,DELUXE,32.55,14 Jan 2020,19 Jan 2020,162.7,"134 Hancock Field
North Reginaldtown, SD 94937",30045125876911
summersimmons@example.org,HID_008,False,BASIC,9.97,19 Sep 2020,08 Oct 2020,128.76,"8267 George Pine Apt. 483
Martinfurt, DE 61505",4028624448518339
ruizstacey@example.org,HID_008,False,BASIC,22.53,23 Sep 2020,21 Jul 2020,120.48,"02288 Barton Center Suite 588
Lauramouth, AL 38849",4895964412646
julie87@example.org,HID_008,False,DELUXE,6.06,17 Jun 2020,20 Jun 2020,172.73,"3024 Bowers Drive Suite 016
South Brittany, GU 67634",4749160527489348
kathryn40@example.com,HID_008,False,BASIC,16.93,17 Aug 2020,08 Aug 2020,130.12,"71296 Lewis Harbor Apt. 573
Port Josephfort, MH 31508",377287806627947
katherine13@example.com,HID_008,False,BASIC,25.24,04 Nov 2020,12 Dec 2020,154.78,"01618 Garza Viaduct Suite 012
North Billy, VT 57920",5254350253338694
dukestacy@example.org,HID_008,False,DELUXE,14.71,07 Jul 2020,19 Jun 2020,238.93,"320 David Meadows
Port Jordan, IL 61557",3540110237343338
jlee@example.net,HID_008,False,BASIC,32.42,11 Sep 2020,31 Aug 2020,128.96,"Unit 8432 Box 5154
DPO AA 31877",4085232538241257
andreajones@example.net,HID_008,False,BASIC,12.01,03 Dec 2020,07 Dec 2020,213.96,"31500 Yang Summit Suite 925
South Natalieland, VA 56065",371519786485615
clarksteven@example.com,HID_008,False,BASIC,,21 Feb 2020,14 Feb 2020,122.33,"450 William Shoals
Chadstad, TN 39730",676360673062
aaron45@example.com,HID_008,False,BASIC,12.89,04 Dec 2020,01 Dec 2020,144.93,"50739 James Fall
Lesliemouth, HI 43465",370351118988681
hernandezjulian@example.com,HID_008,False,BASIC,10.18,21 May 2020,07 Aug 2020,157.94,"5537 Williams Lights
Carrollchester, FM 84173",6011363281485462
holly14@example.org,HID_008,False,BASIC,37.39,07 Aug 2020,11 Sep 2020,138.16,"0232 Rivera Center Suite 964
East Omarville, IN 33892",4102516717450647447
jacksonkevin@example.com,HID_008,False,BASIC,14.01,28 Dec 2020,07 Jan 2021,120.1,"PSC 2612, Box 8364
APO AA 35302",3555405624018663
sdawson@example.net,HID_008,False,SUITE,9.79,16 Jun 2020,20 Jul 2020,253.4,"2137 Sarah Ranch Apt. 801
Port Matthewshire, MO 04345",3508295395196477
amanda00@example.net,HID_008,False,SUITE,26.11,24 May 2020,26 Apr 2020,129.93,"856 Rose Crest Suite 886
North Rachelfort, NM 65454",4222829211249772
adriana63@example.org,HID_008,False,BASIC,,07 Mar 2020,23 Jun 2020,120.66,"646 Cohen Lane Apt. 069
Shawntown, SC 51674",4659120309582999
kayleestafford@example.net,HID_008,False,BASIC,18.73,24 Apr 2020,02 May 2020,118.3,"Unit 7519 Box 8347
DPO AE 49759",4565296071740172
kgriffin@example.org,HID_008,False,SUITE,14.29,28 Nov 2020,24 Dec 2020,128.18,"632 Brown Mall
Sarahfort, SD 56429",60466455346
adriennenguyen@example.org,HID_008,False,BASIC,20.08,30 Jan 2020,31 Jan 2020,145.81,"00075 Garcia Overpass Apt. 648
Fullertown, ND 47113",213160985572259
jasonwright@example.net,HID_008,False,BASIC,11.1,11 Mar 2020,07 Mar 2020,118.58,"8008 Thomas Wall Suite 291
Hayesland, ID 47893",2292514498100224
gregory05@example.org,HID_008,False,BASIC,29.73,27 Jan 2020,18 Feb 2020,118.44,"02608 Mendez Course
North Dianamouth, OK 15300",180021447441948
vanessa65@example.com,HID_008,False,BASIC,24.16,10 Dec 2020,12 Dec 2020,167.91,"6527 Scott Courts
Port Rhondafort, GA 83160",30068443387262
jonathandennis@example.com,HID_008,False,BASIC,10.09,28 Aug 2020,01 Oct 2020,118.76,"973 Wilson Courts Suite 436
West Rachel, MA 07397",4986581400252
jbell@example.com,HID_008,False,BASIC,17.67,15 Apr 2020,26 Apr 2020,190.39,"178 Emily Gardens Suite 610
East Penny, MT 03572",4461813257815340
brian29@example.net,HID_008,False,BASIC,31.43,30 Dec 2020,07 Jan 2021,121.88,"11601 Stevenson Landing Apt. 185
Dorseymouth, SC 02614",4099787936480215
bskinner@example.org,HID_008,False,BASIC,28.46,11 Jan 2020,16 Jan 2020,127.37,"2190 Lisa Springs Apt. 720
Millerville, MA 51948",4914777574732947
welchdonald@example.com,HID_008,False,BASIC,,25 Mar 2020,03 Mar 2020,123.97,"8646 Mayo Views
Rojastown, FL 07724",4858165352599
jessica41@example.com,HID_008,False,BASIC,27.19,26 Dec 2020,03 Jan 2021,127.74,"00325 Mackenzie Loop
Lake Rodney, VT 89129",340025627466754
swatson@example.com,HID_008,False,BASIC,10.92,03 Dec 2020,10 Nov 2020,118.23,"158 Jorge Points Apt. 818
East Tiffanyberg, WV 46212",4061723793911384
gregory75@example.org,HID_008,False,BASIC,28.74,22 Jan 2020,27 Jan 2020,162.12,"76799 Baker Villages
Littlestad, VI 03415",4149984315636398
john68@example.net,HID_008,False,BASIC,18.17,23 Dec 2020,07 Jan 2021,166.2,"1228 James Parkways
Choiton, CA 29547",4456971466644
keithburns@example.net,HID_008,False,BASIC,27.6,04 May 2020,23 Apr 2020,179.39,"11669 Jeremy Shore
North Jennifermouth, KS 71772",4068251144824562
candace30@example.org,HID_008,False,DELUXE,33.4,04 Feb 2020,10 Feb 2020,127.81,"209 Jacob Vista
Georgefurt, MS 85386",676135955174
jennifer94@example.com,HID_008,False,BASIC,15.15,02 Jun 2020,02 Jul 2020,124.15,"61268 Fields Run
Buchananbury, SD 20706",2291503935581543
elizabethtrujillo@example.org,HID_008,False,BASIC,46.19,21 Dec 2020,16 Dec 2020,118.31,"26585 Gonzalez Path Suite 046
South Aaron, AS 08326",5515870357649113
nathan96@example.org,HID_008,False,BASIC,14.96,13 Jul 2020,02 Sep 2020,165.75,"32509 Melinda Mill Suite 874
Rebeccastad, KY 96604",6011520245097945
jthomas@example.com,HID_008,False,BASIC,39.71,04 Aug 2020,11 Aug 2020,118.3,"USCGC Richardson
FPO AA 01186",6596726743917061
garciacatherine@example.org,HID_008,False,DELUXE,24.51,28 Feb 2020,18 Mar 2020,124.03,"70527 Adams Road
Josephton, ND 66618",4935864048693486
bsmith@example.com,HID_008,False,BASIC,10.19,13 Feb 2020,11 Mar 2020,190.69,"7365 Rachel Circle
West Katherine, WA 49843",38616099694316
dleonard@example.com,HID_008,False,BASIC,11.48,29 Jan 2020,29 Jan 2020,124.33,"808 Justin Estate
Port Elizabethview, CA 97209",4735366374484110
jillianhaynes@example.net,HID_008,False,BASIC,23.49,11 Nov 2020,30 Nov 2020,119.94,"0239 Burton Lodge
Mariaville, OH 32221",3544977257598405
sara14@example.com,HID_008,False,DELUXE,25.86,05 May 2020,02 Apr 2020,132.5,"13643 Erik Manor Apt. 254
Williammouth, WI 21019",213198399383533
jesse89@example.com,HID_008,False,BASIC,16.04,23 Apr 2020,26 Mar 2020,141.2,"524 Cox Oval
Fredberg, WA 26352",4587189961328923
wilsonlatoya@example.net,HID_008,False,BASIC,11.77,31 Jan 2020,01 Feb 2020,123.88,"9759 Foley Common
Lake Lawrenceview, MP 19304",6558182409555611
adriana05@example.com,HID_008,False,BASIC,32.11,19 Jun 2020,08 Jun 2020,141.49,"16347 Kimberly View
Fosterport, WY 87921",4078444793512350
hweiss@example.org,HID_008,False,BASIC,32.25,11 Mar 2020,16 May 2020,166.38,"USS Mack
FPO AA 09974",3555349811204126
michaelwalker@example.net,HID_008,False,BASIC,21.56,28 Jun 2020,20 Jun 2020,127.96,"Unit 9793 Box 6961
DPO AA 17614",3530511879233038
brenda76@example.net,HID_008,False,BASIC,29.76,02 Aug 2020,13 Jun 2020,130.39,"USCGC Zimmerman
FPO AP 28624",4676953685055928
marymata@example.org,HID_008,False,BASIC,11.88,09 Dec 2020,01 Dec 2020,144.53,"0387 Christopher Manor
East Jennifer, VA 30087",30132303704634
kellyrachel@example.org,HID_008,False,BASIC,30.91,24 Nov 2020,03 Dec 2020,118.24,"4796 Daniel Via Apt. 954
North Karenmouth, CT 94722",2675362646542211
antoniopatel@example.com,HID_008,False,DELUXE,19.62,27 Apr 2020,11 Apr 2020,127.26,"Unit 7788 Box 9391
DPO AA 95592",4436649886423
wallacedustin@example.net,HID_008,False,DELUXE,6.06,07 Oct 2020,,128.82,"21938 Baker Islands
Sanfordmouth, KS 31680",6011656636846746
donaldcaldwell@example.org,HID_008,False,DELUXE,12.08,28 Jun 2020,03 Jun 2020,149.98,"245 Dylan Field
New Heidi, AZ 09837",4057768948843194
shepherdchristopher@example.com,HID_008,False,BASIC,20.95,14 Oct 2020,18 Oct 2020,192.7,"63740 Rebecca Corners
Brandonberg, AK 96917",502066506937
inelson@example.org,HID_008,False,DELUXE,40.24,28 May 2020,13 Jun 2020,202.08,"6337 Christopher Loop
West Staceyville, ID 29644",4318872935636226
amychoi@example.org,HID_008,False,BASIC,5.8,11 Sep 2020,04 Aug 2020,122.68,"92502 Steven Ridge
Davidport, MD 27866",6011920412465893
uschmidt@example.org,HID_008,False,BASIC,21.22,24 May 2020,06 Jun 2020,140.69,"636 Alexander Fall Suite 380
Andreashire, NY 42487",180088115620251
tapiajennifer@example.org,HID_008,False,BASIC,32.32,01 Nov 2020,,121.09,"63789 Gary Lakes
South Diane, NV 60750",4692762558374373632
shannonbennett@example.net,HID_008,False,BASIC,,06 May 2020,04 May 2020,154.68,"PSC 4131, Box 8537
APO AA 49324",30186661948662
mclaughlinkenneth@example.com,HID_008,False,BASIC,20.12,23 Mar 2020,12 Apr 2020,136.72,"0594 Williams Cove Apt. 705
Lake Paulborough, RI 13931",30021300974680
denise53@example.org,HID_008,False,BASIC,19.85,11 Jun 2020,19 May 2020,159.26,"853 Jessica Branch
South Sonya, CT 73307",502075499827
jonathanflores@example.org,HID_008,False,BASIC,26.06,13 Jan 2020,05 Feb 2020,141.72,"7325 Gray Fork Suite 306
East Michelletown, NY 07011",4246906522881278280
jerryfrank@example.net,HID_008,False,BASIC,10.55,27 May 2020,06 Jun 2020,122.14,"221 Karen Underpass
Michaelberg, MS 13053",4706430059493079853
wlittle@example.net,HID_008,False,SUITE,17.78,24 Apr 2020,30 May 2020,241.24,"9670 Thompson Station Suite 016
East Timothy, FM 41528",3584717387046235
vroberts@example.org,HID_008,False,BASIC,29.69,10 Sep 2020,12 Jul 2020,138.47,"014 Heather Track Apt. 684
Flemingmouth, VI 85498",3553699529679619
connorgarner@example.com,HID_008,False,BASIC,32.41,05 Oct 2020,28 Oct 2020,121.45,"8194 Lynch Bridge Apt. 860
New Cathy, OK 93727",562783609497
walkerrachel@example.org,HID_008,False,BASIC,34.48,24 Jan 2020,28 Jan 2020,248.58,"9851 Edwards Keys Suite 952
South Veronica, VT 32769",4078040804132
haley87@example.com,HID_008,False,BASIC,22.77,11 Jan 2020,16 Jan 2020,140.29,"929 Shelia Plaza
Allenview, CT 73685",376074068287144
changjoseph@example.org,HID_008,False,DELUXE,38.6,13 Mar 2020,31 Mar 2020,202.59,"7576 Roth Lodge Suite 337
Parksside, KY 96142",30365920117752
vasquezgarrett@example.net,HID_008,False,BASIC,37.95,21 Nov 2020,25 Nov 2020,125.44,"52557 Eric Throughway
North Michelleborough, NH 50613",4781626720504972389
williamscameron@example.org,HID_008,False,BASIC,32.57,19 Jun 2020,16 Aug 2020,148.96,"PSC 1827, Box 7454
APO AE 74729",30425743109988
stacey58@example.net,HID_008,False,BASIC,44.68,18 May 2020,17 Apr 2020,121.07,"4156 Brian Oval
Heathermouth, AL 82578",561164931355
erik11@example.org,HID_008,False,BASIC,3.41,14 Nov 2020,04 Nov 2020,118.39,"2075 Julie Springs Suite 041
Dianebury, KY 26031",180096479952400
brendanbrown@example.org,HID_008,False,BASIC,14.93,01 Oct 2020,27 Oct 2020,122.51,"PSC 0610, Box 7553
APO AE 44889",4221720073433037
crystal82@example.com,HID_008,False,DELUXE,12.69,06 Apr 2020,09 Jun 2020,147.27,"062 Adams View
Hugheston, MD 94135",180018071322592
copelandkelly@example.com,HID_008,False,BASIC,30.35,03 Dec 2020,21 Dec 2020,143.82,"Unit 3371 Box 8355
DPO AE 97350",36285018997549
tammymoore@example.net,HID_008,False,BASIC,34.64,22 Mar 2020,03 Apr 2020,157.37,"USS Clark
FPO AA 20033",30214522758342
ramirezjasmine@example.com,HID_008,False,BASIC,33.24,31 Mar 2020,12 Apr 2020,203.09,"54362 Norman Viaduct Suite 820
East Richard, DC 44140",30517789411029
pellis@example.net,HID_008,False,BASIC,21.29,25 Feb 2020,29 Feb 2020,127.27,"733 Eric Run Apt. 423
New Crystalview, TX 63602",375592032627310
edwardgregory@example.com,HID_008,False,BASIC,7.79,06 Dec 2020,19 Dec 2020,119.86,"2602 Joel Lane
North Patrick, AK 32746",676335420813
rchristensen@example.net,HID_008,False,BASIC,6.46,12 Nov 2020,25 Oct 2020,125.84,"319 Nunez Cape Apt. 658
North Amy, MI 25271",4856307889619
sarah45@example.net,HID_008,False,BASIC,20.18,30 Apr 2020,28 May 2020,118.86,"85595 Allison Valley
North Craig, LA 14664",370942113672393
shawnadams@example.org,HID_008,False,BASIC,15.8,15 Nov 2020,17 Nov 2020,166.15,"3538 Justin Camp Apt. 804
Christopherport, HI 40179",6550334034134951
phillipslee@example.org,HID_008,False,BASIC,34.55,05 Nov 2020,19 Nov 2020,128.81,"09862 Davis Mission
New Meganberg, AZ 49884",3566611051257859
jonlambert@example.com,HID_008,False,BASIC,,31 Jan 2020,15 Feb 2020,134.58,"USCGC Anderson
FPO AP 99689",38592725446654
nicholasmcmillan@example.org,HID_008,False,BASIC,30.28,09 Feb 2020,27 Feb 2020,138.37,"Unit 9603 Box 2998
DPO AP 75770",344825503308830
wrightheather@example.org,HID_008,False,BASIC,11.14,25 Apr 2020,17 May 2020,120.61,"73007 Anderson Burgs
North Michaelborough, MA 09946",2453032146499810
bryanprice@example.com,HID_008,False,BASIC,11.91,22 Apr 2020,19 Apr 2020,123.53,"164 Vargas Mountains
Paulborough, CO 30110",370576415315895
reidbrandon@example.net,HID_008,False,BASIC,14.86,02 Jun 2020,05 Jul 2020,118.28,"142 Misty Coves Suite 071
North Courtney, OR 08638",347228452286395
suzanne04@example.net,HID_008,False,BASIC,28.29,26 Sep 2020,10 Aug 2020,123.08,"80113 William Cliff Suite 429
East Daniel, WV 62400",2711789469872356
hunterabigail@example.com,HID_008,False,DELUXE,8.57,26 Mar 2020,06 Mar 2020,124.27,"016 David Shores
Hansenland, ND 65568",30375735526873
patricia23@example.com,HID_008,False,BASIC,,01 Nov 2020,29 Oct 2020,160.91,"615 Cook Circle Apt. 205
East Nancyville, GU 98561",6506927976009019
fletcherwilliam@example.net,HID_008,False,BASIC,46.17,12 May 2020,08 Apr 2020,121.11,"45676 Christopher Bridge Apt. 279
Robertton, PR 68134",3526196533166935
bherrera@example.net,HID_008,False,BASIC,13.5,06 Dec 2020,02 Jan 2021,156.19,"10137 Oneal Radial
West Gerald, GA 76882",3571937827933223
lindseybarton@example.org,HID_008,False,BASIC,25.01,14 Mar 2020,16 May 2020,120.05,"86399 Michelle Fords
New Robert, NM 56361",503815778215
reneesmith@example.com,HID_008,False,DELUXE,5.5,05 Dec 2020,07 Dec 2020,133.63,"6813 Misty Stravenue Suite 041
South Melissa, PA 80721",6576709380172244
williammcconnell@example.org,HID_008,False,BASIC,12.58,15 Nov 2020,13 Nov 2020,120.03,"796 Mario Dale Suite 600
Stevenstad, MT 56336",6594795746540156
jesse54@example.com,HID_008,False,SUITE,11.07,12 Jun 2020,31 May 2020,191.95,"75386 Hatfield Viaduct Suite 096
South Devinville, ND 41903",30590854798711
tortega@example.org,HID_008,False,BASIC,38.37,03 Feb 2020,11 Mar 2020,191.25,"893 Campbell Forge Suite 530
Michaelborough, MN 72064",576329586753
kayla55@example.com,HID_008,False,BASIC,35.2,02 Dec 2020,03 Jan 2021,134.31,"4682 Clark Knolls Suite 560
Hopkinsstad, WA 74743",3595324053092135
sarah74@example.org,HID_008,False,BASIC,34.99,14 Feb 2020,04 Mar 2020,118.49,"56345 Martha Fords
East Emilyland, CO 82805",4277493960226343
bwilliams@example.net,HID_003,False,BASIC,46.64,22 Oct 2020,01 Oct 2020,121.01,"868 Angela Avenue Apt. 308
East Jacobburgh, VI 66328",2247778094836293
schultzashley@example.org,HID_003,False,BASIC,29.25,18 Sep 2020,02 Jul 2020,106.53,"8238 Jonathan Ranch Apt. 115
South Priscilla, MH 68030",6582782115808335
singhlydia@example.org,HID_003,False,BASIC,36.76,18 Nov 2020,25 Nov 2020,114.06,"29303 Morgan Greens
Maryview, CO 10135",180069262819334
markthomas@example.com,HID_003,False,BASIC,8.22,01 Nov 2020,13 Oct 2020,119.74,"1019 Tracey Trafficway Apt. 769
East Joanland, MH 61732",4716059563401606
lisaarias@example.net,HID_003,False,BASIC,,12 Dec 2020,14 Dec 2020,116.47,"64874 Stone Mountains Suite 798
Lake Edwinstad, DC 78945",3564840847844629
marcusstewart@example.com,HID_003,False,DELUXE,46.64,18 Mar 2020,22 Feb 2020,112.36,"71990 Guerrero Bridge Apt. 223
North Heather, SD 51799",4707209056757331019
nicolehernandez@example.net,HID_003,False,DELUXE,,16 Apr 2020,27 May 2020,142.11,"PSC 3488, Box 0136
APO AP 56062",213123330164875
freemanjohnny@example.org,HID_003,False,BASIC,46.64,08 May 2020,04 May 2020,101.28,"2298 Walker Loaf Apt. 212
Caitlintown, MA 19438",30158284644887
stephaniesantos@example.org,HID_003,False,BASIC,33.24,26 May 2020,23 May 2020,114.77,"10268 Diana Burg Suite 251
Lake Amandamouth, MS 77718",4375705762878737
lindsey71@example.org,HID_003,False,BASIC,,11 May 2020,15 Mar 2020,101.83,"91997 Walker Viaduct
North Gabriellebury, SC 84044",180027361090256
davidblack@example.net,HID_003,False,BASIC,34.42,09 May 2020,08 May 2020,99.75,"675 Jason Freeway
Port John, NH 77395",4646760073726565
harveyjoshua@example.com,HID_003,False,BASIC,8.33,15 Jul 2020,,117.44,"0676 Valerie Points
Jefferymouth, MS 48368",4526613273846
vshields@example.com,HID_003,False,BASIC,24.17,24 Apr 2020,,99.68,"USS Gibson
FPO AP 63123",4296830354635000
william47@example.org,HID_003,False,BASIC,46.64,22 Jun 2020,26 Jul 2020,147.3,"5068 Vargas Run Apt. 314
Boylefurt, ME 41978",4116615757426182
carlsullivan@example.org,HID_003,False,BASIC,23.22,21 Feb 2020,25 Feb 2020,102.47,"63867 Washington Dam
Jessicashire, PW 61091",3598598963519926
amy37@example.org,HID_003,False,BASIC,46.64,21 Jul 2020,27 Apr 2020,103.17,"1481 Shelby Crossing
Katieborough, OH 12069",6011173127913902
yrandall@example.org,HID_003,False,BASIC,5.38,30 Sep 2020,28 Aug 2020,110.72,"278 Pamela Shore
South Angela, SD 47472",4386653018364799594
rbaldwin@example.org,HID_003,False,BASIC,8.09,02 Feb 2020,05 Feb 2020,119.98,"1821 Brandon Cliff
Johnstad, TN 91151",379091516117654
jennifergeorge@example.org,HID_003,False,BASIC,37.49,16 Oct 2020,20 Oct 2020,99.67,"08274 Jeffrey Falls
Bestland, OK 14182",180052132661573
maldonadodaniel@example.com,HID_003,False,BASIC,16.18,03 Sep 2020,13 Oct 2020,122.08,"0444 Sarah Valley Suite 629
Mariaburgh, VT 62756",4752651333678
kelly87@example.net,HID_003,False,BASIC,8.56,02 Dec 2020,12 Oct 2020,163.06,"4741 Kara Vista
Nelsonstad, MN 95056",6011648299192088
katherinephillips@example.org,HID_003,False,BASIC,40.51,22 Sep 2020,04 Oct 2020,227.25,"81987 Sanchez Dam Suite 654
East David, MA 47410",3517342350357402
kristin06@example.org,HID_003,False,BASIC,10.06,07 Mar 2020,18 Feb 2020,108.48,"USCGC Ochoa
FPO AE 42007",3540444735127467
eholmes@example.org,HID_003,False,DELUXE,,07 Oct 2020,,117.83,"3915 Melissa Fords
Austinburgh, IN 67273",2296890574359835
archererin@example.org,HID_003,False,BASIC,46.64,22 May 2020,27 May 2020,199.8,"61788 Justin Point Apt. 753
New Kristina, WA 64010",4580266917954866
troy55@example.org,HID_003,False,BASIC,39.34,07 Nov 2020,10 Oct 2020,239.06,"0554 Paul Shoals Apt. 194
Turnerfurt, OK 15525",581481703493
matthewwilliams@example.com,HID_003,False,BASIC,6.77,11 Aug 2020,24 Sep 2020,100.57,"162 Johnson Parkway
Williambury, PW 42824",213157883032055
adavis@example.com,HID_003,False,BASIC,39.73,05 Apr 2020,04 Mar 2020,157.46,"PSC 2315, Box 6718
APO AA 39428",572209875663
vayala@example.com,HID_003,False,BASIC,46.64,16 Aug 2020,24 Jul 2020,101.39,"13659 Sierra Garden
Alyssaview, FL 37034",4854077035745
kathleennguyen@example.org,HID_003,False,DELUXE,2.26,23 Feb 2020,10 Feb 2020,114.72,"1297 Henry Summit
East Traciside, MS 08496",4675437533649224605
melaniesanchez@example.com,HID_003,False,BASIC,46.64,11 Dec 2020,13 Dec 2020,177.6,"9415 Lori Creek Suite 754
Port Joanna, VA 63199",4888402052956999
piercedawn@example.org,HID_003,False,BASIC,46.64,13 Jul 2020,24 Aug 2020,139.58,"894 Lane Island Apt. 657
Oliviahaven, NV 15282",6570173726521901
moorebrian@example.org,HID_003,False,DELUXE,4.59,25 Feb 2020,14 Mar 2020,108.75,"96771 Jeffrey Branch
Javierborough, AL 04794",4399201237418459
adamsemily@example.org,HID_003,False,SUITE,32.9,16 Jan 2020,23 Jan 2020,235.95,"6918 Johnson Gateway Suite 478
North Nicholas, IA 92252",6011959203686754
jacobsonmark@example.net,HID_003,False,BASIC,,19 Nov 2020,22 Nov 2020,111.98,"082 Stuart Drive Apt. 416
West Lawrence, AR 64199",36501183431894
monica98@example.net,HID_003,False,BASIC,5.16,17 Mar 2020,08 Feb 2020,100.04,"441 Arnold Station Suite 077
South Timothy, ME 95279",3595727737298045
christopherpace@example.net,HID_003,False,BASIC,26.39,17 Oct 2020,31 Oct 2020,102.59,"037 Jennifer Lakes Apt. 840
Joneschester, DC 39250",3536853461883992
thomasscott@example.net,HID_003,False,BASIC,30.14,07 Nov 2020,11 Nov 2020,141.62,"667 Robert Ridges Suite 644
Walkerview, MH 68747",6011475835031814
edward25@example.com,HID_003,False,DELUXE,,14 Jun 2020,28 Apr 2020,128.76,"0315 Lawrence Junctions Suite 582
East James, CA 21066",38655333780218
william73@example.org,HID_003,False,SUITE,1.89,15 May 2020,,189.03,"46408 Mills Extensions Apt. 216
New Guy, PA 32558",4301470545152038
monicabarnes@example.org,HID_003,False,BASIC,33.38,20 Aug 2020,,101.9,"1717 Fisher Pines Apt. 692
Lake Michael, IN 95942",6564460378291604
ashleyjones@example.net,HID_003,False,BASIC,6.86,28 Oct 2020,01 Nov 2020,221.37,"5116 Warren Gardens Apt. 245
Davidchester, PW 66193",3597229481205092
herrerabrandy@example.org,HID_003,False,BASIC,36.12,28 Oct 2020,24 Oct 2020,143.48,"28290 Erika Radial Apt. 217
Scottview, NE 70867",4239174807602
fisherkevin@example.net,HID_003,False,BASIC,46.64,25 Aug 2020,05 Jul 2020,101.85,"70789 Ross Track Apt. 429
New Kimport, GU 43072",4374346270353
fgriffin@example.org,HID_003,False,BASIC,46.64,29 Oct 2020,23 Nov 2020,149.39,"390 Williams Ville
North Rebeccabury, DE 07586",4199534732019485
davidgood@example.org,HID_003,False,SUITE,18.48,10 May 2020,07 Apr 2020,136.34,"0215 Kelly Harbors Apt. 481
Brianfurt, MA 67773",3501319590761922
hooverpatricia@example.org,HID_003,False,BASIC,27.51,03 Sep 2020,,120.97,"428 Nash Forges Suite 599
Lake Melissaland, NV 41446",4428904011547303
nicholscatherine@example.net,HID_003,False,BASIC,,12 Jun 2020,13 Jul 2020,112.14,"USS Boone
FPO AP 63305",213139485061302
robin46@example.org,HID_003,False,BASIC,46.64,11 Sep 2020,02 Oct 2020,149.16,"2903 Ryan Street
Clarkborough, UT 82633",4288175115252541
jonathan26@example.com,HID_003,False,BASIC,,19 Sep 2020,28 Sep 2020,111.31,"9195 Daniel Mall
Sharonmouth, VI 23598",3513627456748171
kevinriley@example.org,HID_003,False,BASIC,24.32,05 Dec 2020,23 Nov 2020,105.36,"3876 Brown Run Apt. 609
Port Jamesstad, NJ 03246",4223569519362898
sanchezrobert@example.com,HID_003,False,BASIC,30.43,02 Aug 2020,08 Aug 2020,121.71,"62709 Brittany Rue Apt. 517
Williamsshire, SC 25717",4793484695573336466
leemonique@example.org,HID_006,False,BASIC,7.0,21 Nov 2020,06 Dec 2020,107.61,"2726 Anderson Mountains Apt. 682
Johnland, AZ 79961",4222074529999400
molly08@example.net,HID_006,False,BASIC,8.76,16 Apr 2020,20 Jun 2020,102.68,"PSC 3624, Box 5534
APO AE 34772",30466889809734
robertwilliams@example.com,HID_006,False,BASIC,13.8,26 Sep 2020,21 Aug 2020,101.15,"2174 Yolanda Ports Suite 929
North Danielport, CT 02490",30120100928712
macdonaldkristin@example.com,HID_006,False,BASIC,34.2,21 Jun 2020,02 Jul 2020,101.49,"2295 Nancy Ridge
Kristenshire, NM 59697",3543037258535921
lisa76@example.com,HID_006,False,BASIC,11.41,27 Dec 2020,05 Jan 2021,100.76,"422 Nicholas Turnpike
Hansenstad, GU 21555",3571134683605919
monica08@example.org,HID_006,False,BASIC,13.9,21 Mar 2020,07 Apr 2020,177.27,"08654 Mark Trail Apt. 100
Yorkmouth, OR 92143",213181044119056
patrickjesus@example.com,HID_006,False,BASIC,29.29,06 Jun 2020,,130.51,"7389 Mark Falls Suite 246
Villanuevabury, MP 63325",379237200057462
dvalentine@example.org,HID_006,False,BASIC,,21 Jun 2020,01 Jun 2020,118.6,"145 Hamilton Gardens Suite 807
Lake Markmouth, FM 25251",3515949369211560
suzannewilson@example.net,HID_006,False,BASIC,15.7,10 May 2020,20 Apr 2020,118.83,"92947 Campos Dale
Port Kimberlymouth, PR 07840",4855922045201
chadgonzales@example.org,HID_006,False,BASIC,18.91,27 Jan 2020,24 Feb 2020,111.65,"513 Miller Ridges Apt. 420
Port Brentberg, NM 90575",3580835571068783
matthewwalsh@example.com,HID_006,False,BASIC,8.32,19 Jun 2020,22 May 2020,137.93,"69990 Hebert Bypass
South Zacharymouth, FM 51743",4987223054031684
meghanburnett@example.net,HID_006,False,BASIC,27.47,12 Apr 2020,28 Mar 2020,103.18,"5911 Haynes Coves
East Davidburgh, GU 06885",4731851446134
nathanevans@example.com,HID_006,False,BASIC,5.43,04 Feb 2020,01 Feb 2020,131.4,"402 Jaclyn Lake Suite 433
Toddmouth, NY 84240",3591544318203136
whitecynthia@example.net,HID_006,False,DELUXE,5.22,23 Nov 2020,14 Oct 2020,115.13,"14504 Eric Summit Suite 443
West Diane, PR 26819",30507265784817
marthakrause@example.org,HID_006,False,BASIC,13.1,09 Feb 2020,04 Feb 2020,156.14,"9876 Williams Islands
Devintown, WI 40758",4752750688659780
ethan53@example.org,HID_006,False,BASIC,5.86,02 May 2020,05 Jul 2020,122.09,"Unit 9327 Box 4098
DPO AE 24263",4310499462010936
edean@example.net,HID_006,False,BASIC,27.64,28 Mar 2020,20 Apr 2020,101.21,"14958 Sharp Manors
Jeremyshire, KS 45816",4567001718177608
gilmorejennifer@example.org,HID_006,False,DELUXE,,11 Jan 2020,17 Jan 2020,108.65,"2748 Robertson Shores
Teresachester, PW 74363",180041546857653
mariacherry@example.org,HID_006,False,BASIC,0.81,07 May 2020,03 May 2020,100.78,"PSC 6019, Box 8569
APO AE 86172",4944001123805490
blacknatasha@example.org,HID_006,False,DELUXE,11.22,08 Aug 2020,,100.76,"942 Sarah Path
Harrisfort, MS 90571",4714509708643670
clementsronald@example.com,HID_006,False,BASIC,35.7,31 May 2020,20 Sep 2020,100.78,"0673 Joseph Parkway
Mckinneytown, IA 88934",3568685788469100
buckleyamanda@example.org,HID_006,False,DELUXE,12.94,12 Aug 2020,09 Jul 2020,100.78,"58511 Nathaniel Union Suite 348
Amberfurt, ME 02786",2257810440660676
collinslee@example.com,HID_006,False,DELUXE,7.67,21 Jan 2020,05 Feb 2020,102.81,"820 Gloria Valleys
New Aimeestad, PR 85572",579015798179
kimkevin@example.org,HID_006,False,BASIC,22.32,12 Dec 2020,03 Dec 2020,144.65,"481 Reeves Field
Larsonmouth, IL 92980",3505439306363577
laura83@example.net,HID_006,False,SUITE,14.72,25 Oct 2020,24 Sep 2020,113.93,"684 Mcdonald Stream Apt. 598
New Jenniferhaven, WY 09416",3513279918914387
rwest@example.org,HID_006,False,DELUXE,27.96,07 Nov 2020,03 Dec 2020,100.9,"8826 Hayes Loaf Suite 366
Reevesview, VI 90704",3537708749002246
robertperkins@example.org,HID_006,False,BASIC,8.07,30 Jan 2020,24 Jan 2020,100.99,"196 Martin Springs Suite 446
Travishaven, MP 44537",213160713244320
teresaanderson@example.net,HID_006,False,SUITE,10.14,20 Mar 2020,14 Apr 2020,108.37,"91854 Herrera Lake
Port Meghan, SC 81344",565820837260
kevin18@example.com,HID_006,False,BASIC,15.08,25 Aug 2020,13 Aug 2020,150.8,"66575 Ford Creek Suite 034
East Suzanne, UT 16356",2229552094142370
mkramer@example.com,HID_006,False,BASIC,34.35,08 Jan 2020,16 Jan 2020,117.52,"9357 Frost Path
Kurtbury, ID 83070",4319674657820
gzuniga@example.com,HID_006,False,BASIC,20.38,02 Jan 2021,07 Jan 2021,100.97,"PSC 4171, Box 5049
APO AE 15002",347029470760944
patrickrowland@example.com,HID_006,False,BASIC,13.6,01 Nov 2020,29 Aug 2020,115.76,"39595 Knight Cape Suite 490
Ingramhaven, ME 50840",30105057716517
lisa84@example.net,HID_006,False,BASIC,29.07,20 Jan 2020,19 Jan 2020,125.06,"88482 Elizabeth Wells
South Daniel, TX 80922",4751821233800
christopher08@example.org,HID_006,False,SUITE,30.14,02 Mar 2020,,187.53,"98334 Sophia Rapids
Sarahtown, GA 85536",30114427985224
sweeneymary@example.com,HID_006,False,BASIC,22.81,14 Dec 2020,,108.99,"3689 Henry Unions
Parkerfurt, IN 02305",30528377714526
pbishop@example.com,HID_006,False,BASIC,11.18,08 Jan 2020,21 Jan 2020,117.38,"57202 Brown Unions
East Lisa, AK 43584",30356283942019
mike41@example.com,HID_006,False,BASIC,16.06,22 Aug 2020,05 Jul 2020,103.97,"9049 Kyle Branch
Pattonton, KS 03963",6011394966394851
jennifer24@example.com,HID_006,False,BASIC,26.19,19 Nov 2020,08 Nov 2020,101.13,"2359 James Springs Suite 809
Maryshire, ME 50166",4346555907575771
sarah70@example.com,HID_006,False,BASIC,18.12,15 Jun 2020,01 Jul 2020,132.61,"1547 Kimberly Bridge Apt. 870
Hardyport, SC 86108",213175152317908
andre18@example.com,HID_006,False,BASIC,46.64,01 Feb 2020,22 Jan 2020,104.11,"460 Wilson Forest Apt. 268
Johnsonton, SD 98314",213130969514304
tsmith@example.net,HID_006,False,BASIC,,08 Apr 2020,,106.67,"676 Gary Locks Suite 793
West Alexander, ND 89427",5473494833332580
brandon25@example.net,HID_006,False,BASIC,34.93,01 May 2020,16 Apr 2020,100.76,"7448 Anderson Centers
Zamoraside, GA 03186",180058481005999
michelle48@example.org,HID_006,False,BASIC,14.94,30 Sep 2020,21 Sep 2020,100.87,"8736 Mason Harbors
Gibsonview, DE 91214",4128997667493684
butlersteven@example.net,HID_006,False,BASIC,6.09,13 Oct 2020,03 Nov 2020,135.52,"356 Weber Summit Suite 922
Jenniferside, NV 15279",4299894191604
sarah53@example.com,HID_006,False,BASIC,6.43,14 Dec 2020,17 Nov 2020,102.39,"134 Travis Ramp
Hamiltonville, GU 50812",343232500067397
joneskevin@example.org,HID_006,False,BASIC,30.94,12 Feb 2020,24 Feb 2020,136.22,"558 Andrew Prairie
Arielchester, PA 64016",2233272174616367
gutierrezjimmy@example.net,HID_006,False,BASIC,17.43,16 Sep 2020,,101.69,"014 Edward Mountains
New Amberland, GA 53049",4144574108736
traceydiaz@example.net,HID_006,False,BASIC,13.56,28 Sep 2020,29 Jul 2020,118.74,"56535 Holly Manor Apt. 452
South John, AZ 58190",4104785155005450
martinrandy@example.com,HID_006,False,BASIC,9.7,08 Dec 2020,20 Nov 2020,108.32,"3428 Key Dam
Rebeccafort, KS 38759",4895659415252373702
kristin30@example.org,HID_006,False,BASIC,25.15,03 Jul 2020,29 May 2020,103.71,"75100 Holland Valleys Apt. 458
North Sharon, NM 00780",6518145744690780
cramirez@example.com,HID_006,False,BASIC,17.22,18 Jul 2020,03 Sep 2020,101.12,"4916 Bailey Trail Suite 985
East Bradleyport, AK 02181",676130256206
jwilliams@example.net,HID_006,False,BASIC,17.52,24 Jun 2020,24 May 2020,106.06,"6082 Garcia Manor Apt. 483
Port Haley, IA 47066",4069522399868887
daltonjohn@example.org,HID_006,False,BASIC,31.15,09 Jul 2020,02 May 2020,119.48,"80793 Kelly Ridges Apt. 318
Michaelshire, HI 86244",3555158606024510
zherrera@example.net,HID_006,False,BASIC,6.32,07 Feb 2020,28 Jan 2020,110.85,"45094 Corey Neck
Aliland, MD 13588",4793589754814080930
hector66@example.net,HID_006,False,SUITE,46.49,08 Feb 2020,23 Feb 2020,157.82,"3345 Bowen Lights
East Christina, MO 05547",676202600356
philip24@example.com,HID_006,False,BASIC,10.07,03 Sep 2020,06 Jul 2020,100.98,"968 Jenna Harbor
East Annettetown, NC 80084",4457889160791626
kirbyamy@example.org,HID_006,False,DELUXE,3.4,30 Mar 2020,11 Mar 2020,114.65,"5947 Lowe Extension Suite 409
New Holly, PW 23376",346119810452269
carlacarpenter@example.org,HID_006,False,BASIC,4.77,08 Jul 2020,14 May 2020,103.81,"478 Jesse Junctions
Susanchester, ID 43145",4241052555975236
evansdaniel@example.com,HID_006,False,BASIC,19.48,07 Mar 2020,16 Mar 2020,161.13,"57329 Corey Viaduct
South Stephanieland, ID 38575",676300901268
ulutz@example.org,HID_006,False,BASIC,21.57,15 Jun 2020,03 Jun 2020,100.83,"525 Jones Flats Apt. 629
Lake Samanthaville, DC 67434",3530456515623491
wardjames@example.net,HID_006,False,SUITE,6.87,19 May 2020,07 Apr 2020,149.07,"160 Lindsay Brook Suite 939
Yvetteborough, MS 17634",30020977796616
jill20@example.org,HID_006,False,BASIC,12.16,03 Jul 2020,17 Jun 2020,102.61,"405 Pineda Run Suite 942
East Nathan, AR 44275",3502593389204000
khanseth@example.com,HID_006,False,DELUXE,36.25,02 May 2020,27 Feb 2020,113.65,"107 Jeremy Mountains
Smithfurt, KS 08088",180056315393979
juliawhite@example.net,HID_006,False,BASIC,27.42,12 Aug 2020,29 Jun 2020,101.55,"421 Jimenez Pass Apt. 316
Wilcoxport, MA 66814",4511652472311705
joseph07@example.com,HID_006,False,BASIC,,07 Sep 2020,30 Aug 2020,108.82,"0068 Garcia Landing
Elizabethstad, DE 96992",4926321250909538162
brittanyjohnson@example.net,HID_006,False,BASIC,18.22,01 Aug 2020,16 Jun 2020,135.84,"Unit 4364 Box 8443
DPO AE 55489",4831639415915612
kjohnson@example.org,HID_006,False,BASIC,15.44,25 Nov 2020,07 Jan 2021,101.33,"06480 Andrew Isle
Nicholasbury, TX 77491",2237013129817031
donaldshepherd@example.net,HID_006,False,DELUXE,8.66,07 Jul 2020,25 Jun 2020,109.25,"831 Smith Union
East Jacob, AZ 38425",675911066826
justinlambert@example.com,HID_006,False,BASIC,6.77,02 Jul 2020,20 Jul 2020,109.63,"17280 Whitney Hills Suite 140
Davidmouth, IA 99337",180005843782435
kathryncarter@example.net,HID_006,False,BASIC,24.94,06 Jun 2020,27 Mar 2020,107.26,"9602 Jenny Dale
Port Andrew, IA 03379",213108848410621
paulrichardson@example.com,HID_006,False,BASIC,25.44,29 Feb 2020,07 Mar 2020,101.12,"87507 Rebecca Vista
Scottmouth, TN 13758",4749383942960160
chuff@example.net,HID_006,False,BASIC,,13 Dec 2020,11 Dec 2020,124.86,"97131 Alexander Turnpike
East Johnfort, NM 87562",4685058877287
sarahhernandez@example.net,HID_006,False,BASIC,19.63,03 Jan 2021,,109.88,"720 Timothy Isle Suite 573
Port Candice, AS 19867",4878366471316063029
alexandrashaffer@example.net,HID_006,False,BASIC,20.35,10 Sep 2020,24 Aug 2020,100.87,"13791 Nicole Spurs Suite 832
West Michael, OH 44599",6011271286174702
eclarke@example.com,HID_006,False,BASIC,37.1,16 Feb 2020,10 Feb 2020,108.47,"PSC 5902, Box 8447
APO AA 58191",3515635497746300
ahaney@example.net,HID_006,False,BASIC,25.11,21 Apr 2020,04 Jun 2020,104.76,"93044 Alexander Village
New Jessica, HI 66288",30466218205091
valeriedavis@example.org,HID_006,False,BASIC,45.23,29 Aug 2020,07 Jul 2020,102.64,"418 Sydney Prairie Suite 344
West Aprilchester, AK 83601",4337783015383
solomonlori@example.com,HID_006,False,SUITE,18.48,10 Mar 2020,14 Mar 2020,441.65,"PSC 9139, Box 9636
APO AE 04449",213153558993382
williamsmelissa@example.net,HID_006,False,BASIC,13.65,03 Mar 2020,18 Mar 2020,112.23,"98051 Jimmy Mountain
South Eric, MS 53347",371693045423863
nberry@example.org,HID_006,False,BASIC,4.27,22 Jun 2020,03 Aug 2020,101.85,"PSC 4382, Box 4002
APO AE 75121",4226333812780695
kathleen84@example.net,HID_006,False,BASIC,,25 Jan 2020,01 Feb 2020,103.76,"8902 Smith Avenue
Johntown, TX 61023",4572424968226201
carmenallen@example.com,HID_006,False,BASIC,20.43,16 Sep 2020,13 Aug 2020,101.05,"35278 Tate Vista Apt. 822
Dustinport, KS 35527",4711401502222
ashleywagner@example.net,HID_006,False,BASIC,21.43,07 Sep 2020,10 Aug 2020,105.94,"857 Boyd Rapids
Lake Laura, UT 67114",180071479217534
derekhunt@example.net,HID_006,False,BASIC,23.03,04 Nov 2020,13 Oct 2020,121.42,"6322 Monica Landing
New Laceymouth, UT 98930",342766190896004
danielrangel@example.org,HID_006,False,SUITE,13.8,28 Jan 2020,09 Feb 2020,171.46,"0961 Rachel Mount
Markside, MH 80091",346585966774872
yturner@example.net,HID_006,False,SUITE,13.21,09 Mar 2020,02 Mar 2020,242.44,"08234 Rogers Glen
New Toddhaven, GU 77992",4755349956812716916
nicole57@example.org,HID_006,False,DELUXE,21.66,15 Jul 2020,26 Jul 2020,105.07,"4859 Decker Summit Apt. 391
South Peterville, RI 87846",213128775315437
milleradrian@example.net,HID_006,False,BASIC,,15 Feb 2020,15 Feb 2020,122.1,"915 Hampton Cove Suite 561
Timothybury, OR 79691",3578908942320565
alexis71@example.net,HID_006,False,BASIC,28.72,16 Feb 2020,18 Feb 2020,103.13,"17501 Alexandra Trafficway Suite 838
Erikfort, VI 15497",3599699218508828
edward44@example.net,HID_006,False,BASIC,33.3,16 Nov 2020,21 Nov 2020,103.86,"591 Roman Turnpike
Harrisside, IL 15287",6550311234113670
shawnwells@example.org,HID_006,False,BASIC,,03 Nov 2020,21 Oct 2020,101.42,"01567 Foster Curve
Carpenterville, MI 51478",344611685767344
careysean@example.com,HID_006,False,DELUXE,9.47,27 Jul 2020,27 Jul 2020,106.82,"31596 Lopez Plaza Suite 521
West Matthew, MA 10627",4683049287788460
xwalker@example.com,HID_006,False,DELUXE,9.75,30 Aug 2020,28 Jul 2020,108.69,"56147 Gary Skyway
North Coryville, MN 76302",4341209889025
andersonmatthew@example.net,HID_006,False,SUITE,22.73,12 Jun 2020,04 Jul 2020,115.79,"111 Rachel Glens
Hansenfort, AR 16515",4553089982486
christensenrichard@example.com,HID_006,False,BASIC,29.92,10 May 2020,22 Mar 2020,112.37,"88047 Shaun Brook
North Brandon, NM 63979",3520383166893870
jay39@example.org,HID_006,False,SUITE,7.08,23 Oct 2020,29 Aug 2020,112.91,"45516 Pollard Harbors
New Sarahborough, WV 20961",6520982482869895
rileychad@example.com,HID_006,False,BASIC,9.81,27 Feb 2020,20 Feb 2020,107.71,"777 Sarah Knoll Suite 572
Hendersonborough, RI 73018",6561098142725698
edward13@example.com,HID_006,False,BASIC,39.59,09 Sep 2020,18 Jun 2020,100.76,"54424 Tyler Unions
Floresstad, NM 43245",6538111115501937
bauerrobin@example.com,HID_006,False,BASIC,9.93,19 Jan 2020,02 Feb 2020,133.47,"9517 Dana Brook Apt. 418
Grahamfort, WI 20595",4978519400804144847
karenburns@example.org,HID_006,False,BASIC,22.02,29 Jul 2020,10 Sep 2020,102.33,"8753 Ellen Field
Gonzalezfurt, CA 31231",378766772526612
joseph16@example.com,HID_006,False,DELUXE,3.65,03 Feb 2020,02 Feb 2020,133.97,"220 Roberts Corner Suite 973
New Tamaraville, PA 41843",38356688409400
alicekline@example.net,HID_006,False,DELUXE,15.73,22 Feb 2020,19 Feb 2020,127.18,"437 Mccall Junctions
Lake Andrea, VA 71813",4409159352911211
mossjennifer@example.net,HID_006,False,DELUXE,3.97,02 Jul 2020,04 Jun 2020,109.01,"PSC 2941, Box 5136
APO AA 39858",3526140373076259
melissa85@example.com,HID_006,False,BASIC,34.99,12 Oct 2020,23 Nov 2020,122.42,"USCGC Carroll
FPO AP 88576",340561183194893
sarahdavis@example.net,HID_006,False,BASIC,20.01,17 Jan 2020,29 Jan 2020,100.8,"74948 Anderson Roads Apt. 156
New Ericborough, IA 12965",4589680536464274
yburke@example.com,HID_006,False,SUITE,33.82,17 Oct 2020,26 Oct 2020,100.9,"820 Natalie Flat Apt. 589
Lake Xavierborough, MS 60167",3527763251064672
jacob68@example.org,HID_006,False,DELUXE,20.69,30 Jan 2020,10 Feb 2020,104.84,"00465 Gloria Run
Samuelport, VI 32486",379380479155763
bmartin@example.net,HID_006,False,BASIC,,04 Feb 2020,25 Feb 2020,122.53,"USS Harrison
FPO AE 15557",2677168334447854
maciasbradley@example.com,HID_006,False,BASIC,3.56,23 Jun 2020,28 May 2020,103.29,"429 Doyle Port
East Laurenfurt, AL 19510",4326341462385878116
sarah81@example.org,HID_006,False,BASIC,17.81,10 Oct 2020,23 Sep 2020,100.77,"976 Travis Shoals Apt. 973
Schwartzburgh, IL 68064",30039118593617
thomasjustin@example.net,HID_006,False,BASIC,27.99,14 Jan 2020,29 Jan 2020,141.07,"6553 Wood Forest Suite 953
Kelseymouth, MS 69501",3512584462498997
grahamkaylee@example.net,HID_006,False,BASIC,12.52,10 Dec 2020,04 Dec 2020,101.45,"75125 James Turnpike Apt. 512
Morrisonburgh, FL 90930",180035651948687
pattersonnicholas@example.com,HID_006,False,BASIC,,19 Aug 2020,24 Jun 2020,102.62,"57190 Harris Plaza Suite 716
West Seanmouth, VT 86223",6011276391394541
